Employee_ID,Attrition_rate
EID_22713,0.21847773572307005
EID_9658,0.1998111195302954
EID_22203,0.18983754889268312
EID_7652,0.23495589694692853
EID_6516,0.19449048946898984
EID_20283,0.15601128396889408
EID_21014,0.20066859853312735
EID_7693,0.19489614769781838
EID_13232,0.18108821075384185
EID_6515,0.2459478523259122
EID_13639,0.18331733984632592
EID_14669,0.19524759234423072
EID_16537,0.19447589213518768
EID_5782,0.181275113553113
EID_20157,0.19266823471730277
EID_1855,0.1531585784705385
EID_20748,0.21011194935761068
EID_23179,0.19002137711459
EID_12838,0.18946109827072632
EID_21656,0.1676756899822749
EID_8844,0.17199459010009832
EID_1536,0.2037301772365936
EID_8822,0.20908839175092453
EID_11398,0.1949636675885813
EID_12965,0.2183766157199898
EID_5204,0.1930850318578905
EID_10030,0.20749561803239658
EID_13227,0.17936819340593502
EID_20607,0.20379221511831247
EID_14070,0.18479541121809007
EID_3755,0.18328604061605347
EID_5459,0.23476497834536758
EID_7697,0.18180549081864683
EID_3935,0.1788926779340727
EID_19046,0.19335791349499232
EID_4040,0.17820085219312887
EID_17730,0.17152074261252892
EID_4995,0.18201582775463976
EID_24653,0.16687483604835052
EID_6978,0.15137977826316273
EID_13775,0.1891412776993775
EID_14608,0.20611552650353815
EID_3148,0.1987196596675176
EID_24868,0.22412247508475502
EID_5521,0.16619230274170604
EID_21155,0.18985241611107995
EID_3840,0.17917501296449245
EID_10646,0.1849196703524285
EID_6711,0.21825888430669238
EID_16247,0.16920811634889787
EID_16789,0.19858288282051717
EID_17967,0.1749299146190424
EID_13270,0.1898848176182355
EID_18462,0.17508916000758745
EID_22248,0.19679964163009345
EID_22693,0.19344933632908123
EID_25662,0.21435176673514889
EID_23346,0.18332529438163192
EID_4437,0.19214085151463678
EID_18108,0.15574847831464922
EID_7000,0.1858501607986227
EID_22770,0.1996641007846165
EID_7816,0.1701669877494396
EID_19615,0.18420138014232634
EID_23807,0.21379904660921056
EID_16764,0.20133285530317835
EID_16818,0.19868677642944021
EID_22712,0.16597596923998026
EID_18198,0.2324624715469099
EID_11154,0.22473550842869372
EID_22137,0.20143964519462543
EID_11655,0.17713948609912222
EID_18514,0.22378317942605008
EID_24742,0.19574883624068207
EID_16019,0.18682763512492784
EID_7357,0.17515419495396145
EID_20106,0.17761245911128754
EID_13284,0.21419951109527346
EID_5451,0.1648408233581904
EID_19728,0.18084647015149358
EID_9178,0.19614992695585443
EID_13177,0.16797436912190733
EID_14300,0.20207060340919725
EID_4379,0.175140129117608
EID_11285,0.18718136344341474
EID_14882,0.21243949731206158
EID_9969,0.1913299656023355
EID_23643,0.1570066420710532
EID_5935,0.19640409115174862
EID_7741,0.18610792533593212
EID_6176,0.20392923338334867
EID_5418,0.2045118654353928
EID_20626,0.2178426787564831
EID_1725,0.20573072595993835
EID_14317,0.22845622906550034
EID_12120,0.1876841445269406
EID_20264,0.15541594972103212
EID_16691,0.16678351268649294
EID_1093,0.16313264487075685
EID_2565,0.1807337701494589
EID_11463,0.18090594879402033
EID_12005,0.17059008943954268
EID_10326,0.18735381854145317
EID_12582,0.2023119135732827
EID_18228,0.1830400003905197
EID_11670,0.22006092682687495
EID_24257,0.16134205753462538
EID_7024,0.17872410134231131
EID_10382,0.19715237064241364
EID_20210,0.19472999828826687
EID_10294,0.1577631350558022
EID_19941,0.19936560944199755
EID_25572,0.17409098356978348
EID_7758,0.1784012128276231
EID_22718,0.17355389524715292
EID_1078,0.17703900553544827
EID_8227,0.18578242434784897
EID_1702,0.1894489840898359
EID_3532,0.18339435234258872
EID_22452,0.17637494139682985
EID_3019,0.1807334109130352
EID_22264,0.21244344198589715
EID_9866,0.1775509326653264
EID_3520,0.17085716857673106
EID_21098,0.20365559383537857
EID_1186,0.1723482874471074
EID_12355,0.15661268963310704
EID_11020,0.18685716413102682
EID_19193,0.15255198504928558
EID_17787,0.1714941563557204
EID_13719,0.20005883818794246
EID_24449,0.2023032178747144
EID_12957,0.16283560423846666
EID_24794,0.1819110656958287
EID_2866,0.2181842671142249
EID_10563,0.19255589825201014
EID_22492,0.20792896543071038
EID_4106,0.20379507928339535
EID_6648,0.20741770051665753
EID_7209,0.18704258451282385
EID_9692,0.1732471379485787
EID_22763,0.19525251816673972
EID_12622,0.16962679553381577
EID_9831,0.17533418441871618
EID_5731,0.14639541798879918
EID_1114,0.1663047535384976
EID_25017,0.22034468173421828
EID_22956,0.19692038520270216
EID_5549,0.18158717427388638
EID_12022,0.20545738601185803
EID_8034,0.16683517885917354
EID_20644,0.16271304396468622
EID_20125,0.16726866751093894
EID_21957,0.18426468141979058
EID_8870,0.15429531410268282
EID_2305,0.22251527723875597
EID_3977,0.16642387872883546
EID_14845,0.16511860829422176
EID_6629,0.1696333269798629
EID_14577,0.20153072770284552
EID_24509,0.16938362262413875
EID_1530,0.18913480723944076
EID_21524,0.24235132949434046
EID_6647,0.16228867205632014
EID_19730,0.19279437181927506
EID_4424,0.17714404746539003
EID_7964,0.17298848890493446
EID_6289,0.20511356558972693
EID_2899,0.1621349318263583
EID_2827,0.18532973643340256
EID_8801,0.19159174614151198
EID_20454,0.20936305095614216
EID_18988,0.19130077908499743
EID_8405,0.2108521741856748
EID_14497,0.17980545898979017
EID_11769,0.19896015069059558
EID_21353,0.1934692528313917
EID_2221,0.19814714483129592
EID_13218,0.16983170998514652
EID_4576,0.21010039708011163
EID_17470,0.2053237829464365
EID_14817,0.22783642267552295
EID_21845,0.2168488279620533
EID_21987,0.1770481317842041
EID_1168,0.17765120119372568
EID_14315,0.21259725765196436
EID_5043,0.22849634098849947
EID_1967,0.20767927468750713
EID_22274,0.16195286388369823
EID_11091,0.16220118369045622
EID_18421,0.19138340970573609
EID_8316,0.17312774855355428
EID_13308,0.2513798759432575
EID_19481,0.17435217884258236
EID_17732,0.19651778686159105
EID_4504,0.17441568222716342
EID_2539,0.20740314834336004
EID_19529,0.1674746756104355
EID_2279,0.17688762424029392
EID_14508,0.18087176992912646
EID_12241,0.19528882871372844
EID_11530,0.176138377099619
EID_20147,0.1517816495145894
EID_6154,0.2136432731641662
EID_3523,0.18531708517235757
EID_20453,0.2132952042617262
EID_11929,0.19664475901424794
EID_12840,0.19894741598187693
EID_22320,0.20079783884250446
EID_25383,0.18275741184294247
EID_10731,0.19134484276492003
EID_1017,0.18253474066398212
EID_1819,0.21101766939898425
EID_22849,0.20410458417882182
EID_12290,0.19868956415376715
EID_24238,0.1935415406287575
EID_3105,0.18217696508702375
EID_14242,0.1913539231223922
EID_16569,0.1954896339131551
EID_8094,0.21324093077157613
EID_7824,0.19297104141395494
EID_8978,0.16550416603104168
EID_25314,0.17193005772719516
EID_17810,0.1933013094655962
EID_14856,0.14286039061209976
EID_22144,0.18179757694309728
EID_23603,0.14978083876883375
EID_7211,0.21583938702372052
EID_19340,0.2216243543314249
EID_1501,0.1938543624283966
EID_22111,0.16808128870150085
EID_16147,0.18197279108801467
EID_16746,0.18179325321551687
EID_20777,0.201370327132679
EID_12999,0.1894589492344494
EID_21663,0.17581311314143022
EID_11862,0.19346884379962148
EID_17683,0.1964500615599718
EID_19819,0.17141520534005394
EID_21562,0.21541659975525818
EID_24390,0.18925736885603328
EID_14444,0.19475407617369456
EID_3261,0.17110475390654756
EID_7752,0.17681023420982456
EID_3033,0.20628730418366104
EID_22433,0.15880271403233337
EID_23727,0.15695584674347174
EID_24107,0.17655342849900535
EID_22537,0.20752390611670535
EID_13645,0.20844632450291556
EID_16021,0.15431185240913692
EID_19800,0.20130841181423875
EID_1944,0.19513450445697345
EID_15868,0.17040199200243933
EID_22188,0.195342810953548
EID_13833,0.1980111876165438
EID_15028,0.20242119583497242
EID_24861,0.17829561445046238
EID_13033,0.21037154772341182
EID_23673,0.15987731345421707
EID_13265,0.15193751104936837
EID_23411,0.21087288971210683
EID_3761,0.16792336144578712
EID_7299,0.18666551525245723
EID_2379,0.16813603437560687
EID_18863,0.21156116604169029
EID_12115,0.17795161523872594
EID_23879,0.1934352124969223
EID_16586,0.20922063862678897
EID_19003,0.1836070066077582
EID_11107,0.21705061589989327
EID_15416,0.17168507366113772
EID_19214,0.16388370888063264
EID_5135,0.2059830751205709
EID_22464,0.21367218986364378
EID_22759,0.20093762589874586
EID_17833,0.19103124163427765
EID_17627,0.17437781017491716
EID_25730,0.18185272411960796
EID_2377,0.18852317271426955
EID_18085,0.1768216962304905
EID_14096,0.20731252369500908
EID_8384,0.21410400009506247
EID_17105,0.18002928978012278
EID_9929,0.19209001199624254
EID_13267,0.21615251026582882
EID_12954,0.19537804726036256
EID_4464,0.16649763207215074
EID_11464,0.19944617870805814
EID_19308,0.15484094562469863
EID_17530,0.16993739555408638
EID_6981,0.17902955502086115
EID_19951,0.1760166465819566
EID_1100,0.2036959688823572
EID_25145,0.19833758081648512
EID_15614,0.19474415849629167
EID_2961,0.19317154264206238
EID_1742,0.181256530964788
EID_2843,0.19242862493467783
EID_9549,0.189112885070017
EID_12832,0.19433424100873253
EID_17914,0.21226487636300817
EID_22832,0.18460074288196893
EID_5755,0.1668861010746241
EID_1141,0.2063067562235119
EID_18954,0.1828097435904965
EID_10824,0.16709498468060247
EID_24478,0.15367258843230047
EID_14916,0.1641232934382515
EID_4434,0.16375786992716712
EID_23650,0.2051714510197371
EID_16556,0.16062732938968338
EID_24656,0.17117708313566027
EID_25965,0.16264113674321834
EID_9279,0.1826323427451939
EID_13802,0.196369015556229
EID_2748,0.21490445551160064
EID_17346,0.19266623092062218
EID_1171,0.1763645689926534
EID_1552,0.17540449648726053
EID_20674,0.1654604579964598
EID_2475,0.19347640596032534
EID_16714,0.15475483454076766
EID_7857,0.17642231619106497
EID_3294,0.18592979630471973
EID_2280,0.1689721261237196
EID_10203,0.16611614688662257
EID_22162,0.19500651907975453
EID_10438,0.17995111097877725
EID_12898,0.21075667064377512
EID_4358,0.1602621224004679
EID_6179,0.17020663795636892
EID_2538,0.16628882593533945
EID_13110,0.16551743461428714
EID_24585,0.20027570230593028
EID_1006,0.19588741011341426
EID_11632,0.19548097035755063
EID_21011,0.1737198097852115
EID_16869,0.2015090726948756
EID_20564,0.16254304553615384
EID_12996,0.19940297340963298
EID_1503,0.21209223280118294
EID_23053,0.18678193545082422
EID_22049,0.18301226929258974
EID_4346,0.2400631428009774
EID_1887,0.1957897471901333
EID_16849,0.2024139855735143
EID_10071,0.17636504024460464
EID_11265,0.18874395357664753
EID_12611,0.1838684419132619
EID_25542,0.17617700371283718
EID_11582,0.22387559476828756
EID_19550,0.17981835490741105
EID_5351,0.1945673877731906
EID_3305,0.1886450805060349
EID_18846,0.18204195482280738
EID_24764,0.17090555875296332
EID_2191,0.19600354414018284
EID_6314,0.181607057535075
EID_23248,0.16685465023613233
EID_4570,0.19312101794463388
EID_16415,0.16123904047884707
EID_11002,0.18444062129731265
EID_20498,0.19516385922702284
EID_7846,0.1894868377079888
EID_24121,0.16092161699350527
EID_7536,0.18561476784043407
EID_2015,0.21899149310502253
EID_7934,0.19802343430973224
EID_20903,0.1852275201018756
EID_17535,0.17865320041005361
EID_19760,0.16042790493679604
EID_9550,0.19218239621079647
EID_4261,0.19572600076537583
EID_19753,0.18793038769035775
EID_13542,0.16838297025770999
EID_24283,0.1631669467469692
EID_7552,0.21285298882452253
EID_11577,0.18303461549550093
EID_3228,0.18642146969818896
EID_17468,0.18063389619180725
EID_15815,0.19211213634378055
EID_2093,0.17487717113152712
EID_21356,0.190204226700871
EID_12357,0.18514681420839452
EID_18495,0.17484345020511682
EID_5098,0.18532200693675804
EID_12691,0.17752085696071163
EID_13240,0.1902573724572676
EID_19312,0.19697200424968742
EID_23914,0.18950954508011364
EID_23175,0.18219648493993645
EID_15413,0.20294590233612553
EID_4785,0.1960460010608358
EID_25933,0.17843349882662096
EID_22705,0.20751936584684927
EID_19350,0.16473883745686635
EID_5369,0.20848816755358257
EID_20410,0.17826821644331403
EID_12557,0.19131586578782844
EID_17678,0.1711051180702725
EID_1342,0.18254343075989254
EID_12230,0.21991390936443622
EID_1311,0.16548026571297214
EID_5860,0.22241949806050343
EID_4259,0.18767652717355077
EID_10209,0.19954552613990018
EID_2300,0.20240198823489663
EID_17408,0.18953506427976663
EID_1883,0.15885952441180962
EID_1053,0.20362254175586258
EID_23610,0.1845883163875328
EID_17585,0.1663114354785762
EID_20845,0.1850753421912259
EID_15683,0.178225475801014
EID_11976,0.20031952241612316
EID_12031,0.16638800429342382
EID_1711,0.1843110038952318
EID_6239,0.20900920440533355
EID_25541,0.18710821570550706
EID_9308,0.16056581897942124
EID_18168,0.19265618645448512
EID_11934,0.20087860824418158
EID_23472,0.20523827562578845
EID_13731,0.15770203314298215
EID_16069,0.17018384962773325
EID_18276,0.15566711889294993
EID_6141,0.19788044753693157
EID_12061,0.19278501214114385
EID_9450,0.1815559275078158
EID_21730,0.17673013587216246
EID_19506,0.1860619585177119
EID_13552,0.17967066871062798
EID_9945,0.16290761798364883
EID_1924,0.2063070938297642
EID_18453,0.16322950127482727
EID_20225,0.2145251807914974
EID_18673,0.21414134325397072
EID_11420,0.20368903486303225
EID_16631,0.18409284376184587
EID_21237,0.19086802029693217
EID_5015,0.18317153894855664
EID_20179,0.18554923686781422
EID_12073,0.18914432674927184
EID_21147,0.14777370285344205
EID_6714,0.17728875431998858
EID_10645,0.18848503125195748
EID_18298,0.19457515487965793
EID_2640,0.19170369416895028
EID_2318,0.20907910803578034
EID_25226,0.19551850929769898
EID_24099,0.18354181522852286
EID_20938,0.24364320656241034
EID_8377,0.2165765095510892
EID_7023,0.20631220334269074
EID_11385,0.18759602982231627
EID_15016,0.1741957440153783
EID_25794,0.19291571451617529
EID_11494,0.20120308034830714
EID_2425,0.1781334731510924
EID_9847,0.19050288910517565
EID_3570,0.17284205886448945
EID_13573,0.18663187626560784
EID_13780,0.15310872940426634
EID_2949,0.17413101398193476
EID_19834,0.19103024157755044
EID_11384,0.22304715351219784
EID_23154,0.2104920773523986
EID_9337,0.21020188191698708
EID_3653,0.17852426346053107
EID_4850,0.20639250335477755
EID_16283,0.19387001794621028
EID_5107,0.16025275452682308
EID_25156,0.20342701835522803
EID_17223,0.1907578142033799
EID_14695,0.17288763743198388
EID_11374,0.19733572022801127
EID_13672,0.18877899120036545
EID_6782,0.24343617099441417
EID_25074,0.21486538336216654
EID_21087,0.1881392903473511
EID_13017,0.2059739337013866
EID_9947,0.21419305467270533
EID_21221,0.16794107984884477
EID_21639,0.19058734906991504
EID_20333,0.1704319910780896
EID_2970,0.18593836861373347
EID_7624,0.19744248400735387
EID_15741,0.18666086087881695
EID_1312,0.18283503166185255
EID_19575,0.1890803271102186
EID_21047,0.193573630197875
EID_11969,0.20676683045019217
EID_19145,0.18757820542327863
EID_9871,0.17372508380009322
EID_18852,0.17284317338061328
EID_22326,0.1938947331695431
EID_7259,0.1751346940861822
EID_21920,0.20935782831804772
EID_1436,0.1847832872881554
EID_8261,0.17927474881588523
EID_23228,0.21504579561531045
EID_5560,0.1644069566602866
EID_22357,0.20441884561313373
EID_4816,0.1722243588337733
EID_10000,0.19347982555478893
EID_21908,0.16209489800917254
EID_14887,0.1831679094671017
EID_12497,0.18500643326967747
EID_17976,0.1692167556543609
EID_17356,0.1572622323819246
EID_9785,0.1490902273378083
EID_16224,0.1776466384703781
EID_6020,0.18635768181638923
EID_20716,0.2020958801136885
EID_11351,0.2016503372286138
EID_20899,0.1996733257952883
EID_9718,0.1695358383443022
EID_9479,0.18902050788278757
EID_25048,0.18779960781205318
EID_23370,0.17080829446058488
EID_13877,0.19185818999824278
EID_12256,0.19523725842816475
EID_1903,0.16596439603938506
EID_8830,0.15830099690140287
EID_22060,0.19055835052228076
EID_11996,0.19076939038166074
EID_21061,0.1656543098762313
EID_22604,0.1897620887168614
EID_18463,0.17482653871292086
EID_11375,0.1874074553046512
EID_2685,0.20001099143536294
EID_16010,0.20131513369210552
EID_19288,0.20470047618164244
EID_9283,0.2679387077340607
EID_11122,0.1708230093080374
EID_6638,0.19880009694048795
EID_25516,0.2049206239413479
EID_3864,0.21434847477416952
EID_9746,0.18213229057505487
EID_8407,0.1859599725211183
EID_25463,0.19716624062704113
EID_23098,0.17165027108137565
EID_22512,0.18611434751056777
EID_14671,0.17677885067382704
EID_18482,0.1936211618307766
EID_8151,0.1916969081266302
EID_16624,0.2035131708495328
EID_1983,0.1966149353926312
EID_18445,0.21554603209733614
EID_11891,0.20205532519878489
EID_2010,0.19999270106086442
EID_4592,0.23769764884821143
EID_17412,0.19042871714640341
EID_24883,0.15881712627827937
EID_15661,0.1610419591646064
EID_11757,0.18394889304966
EID_2627,0.1698265769932732
EID_13243,0.18294428676256302
EID_10917,0.18431697281113202
EID_4360,0.20118468118062083
EID_13536,0.18515672165199248
EID_10695,0.2107677432798596
EID_5746,0.18258623765541415
EID_1178,0.1938934622759234
EID_15290,0.22064674853299948
EID_3540,0.15620962753706635
EID_14684,0.20714336369519515
EID_7914,0.18692017619656554
EID_23733,0.18864929548618647
EID_5907,0.22767284679900968
EID_5142,0.18834711523584247
EID_7686,0.1865847874996689
EID_12078,0.18901535689406046
EID_4880,0.17920535800050175
EID_1527,0.19696630389853453
EID_15919,0.20005328218883278
EID_1260,0.17652020578009342
EID_22377,0.1764956213204414
EID_7876,0.17748225041930255
EID_1213,0.16097501479828225
EID_4161,0.18339003343146487
EID_3214,0.17056422120367642
EID_17651,0.16464422985643523
EID_8005,0.1518909988710675
EID_12852,0.21125514063521678
EID_21465,0.20735920686820464
EID_7371,0.19642395261644197
EID_25687,0.18279856142635253
EID_17222,0.161962914730168
EID_1994,0.17013569133007422
EID_22384,0.21559172374850277
EID_6344,0.19653937372390828
EID_18801,0.2024630546424646
EID_13688,0.21357071070377742
EID_13779,0.2045369760847393
EID_24969,0.16373743174648325
EID_15311,0.2195897817309742
EID_9095,0.21013806796929657
EID_11675,0.20682883919931783
EID_14870,0.20867827887980184
EID_1575,0.1822145821823824
EID_7440,0.15851742142660896
EID_24259,0.18580127332199936
EID_19501,0.2469822891900435
EID_23743,0.1570935893304295
EID_13287,0.19328452431034293
EID_2226,0.15811954644073012
EID_22439,0.19572994431189272
EID_16078,0.20924243184958868
EID_18895,0.18169630700526795
EID_19860,0.18724783489801666
EID_24564,0.20536522237739518
EID_21747,0.1869442731200479
EID_4659,0.20087048123286877
EID_24149,0.19533859985688196
EID_13300,0.18325709372186338
EID_16950,0.18709445144924075
EID_23778,0.2155918190144348
EID_14691,0.19131302903736014
EID_10789,0.18712830157318194
EID_5525,0.18338741197135278
EID_19424,0.20258189585445052
EID_6171,0.18175224357366915
EID_19569,0.1918526724667231
EID_4602,0.1917740900720446
EID_17919,0.21364588865611722
EID_4286,0.17467751567528467
EID_1973,0.20177475270071454
EID_25715,0.16676662529289388
EID_23385,0.19415830833656855
EID_13681,0.20697402643020268
EID_25410,0.19929605858123978
EID_18267,0.2114589833640821
EID_15252,0.1929905293039269
EID_23214,0.19314271245622194
EID_18551,0.2294151677623404
EID_2401,0.19309391175494284
EID_7609,0.1987518984747112
EID_21291,0.18775993549945724
EID_10126,0.17797965403121907
EID_19714,0.18308158995375834
EID_4911,0.17534703379652683
EID_12505,0.22310834909166033
EID_10377,0.20494346196539936
EID_3407,0.20971111927599395
EID_3386,0.17588834139104392
EID_7623,0.1912803898260904
EID_19517,0.1824834800188455
EID_21782,0.21219883147057317
EID_12361,0.17504840521530696
EID_21171,0.18376347689417116
EID_17836,0.20924090877144863
EID_20286,0.1978856364008834
EID_25798,0.1771388631549371
EID_15699,0.17468569976887238
EID_17006,0.1992654773889626
EID_22476,0.164680089324861
EID_9406,0.1728556644933974
EID_13559,0.16789506340444404
EID_1340,0.1900939387521703
EID_17848,0.16979545653146033
EID_20358,0.1943953058093939
EID_14265,0.1972014126459385
EID_9820,0.20457673470474447
EID_13755,0.17203247505801755
EID_13293,0.18767177814913794
EID_25837,0.19134473109897954
EID_20466,0.18142343928764149
EID_11032,0.19665278983904955
EID_2399,0.17562531010946714
EID_23917,0.2107519108581073
EID_17011,0.21888924248321473
EID_8967,0.16303175715398766
EID_24468,0.20476458895342375
EID_8435,0.18717524403871266
EID_17953,0.19951092710908824
EID_7140,0.1822164775998658
EID_24404,0.19499757904304715
EID_14380,0.2238513703728131
EID_1232,0.17327534127412036
EID_1573,0.16464275312580412
EID_3684,0.20742030662563593
EID_15824,0.18868083858023965
EID_9212,0.19906785996215604
EID_21121,0.18866964375922635
EID_6346,0.16347122967920313
EID_9525,0.17703423975740407
EID_9726,0.19177582946690563
EID_2526,0.1879047774995115
EID_4228,0.16207317009548206
EID_14595,0.1997990083346508
EID_15856,0.24429377104110017
EID_6768,0.17434041109277132
EID_23953,0.19841943660128436
EID_19059,0.18666480008562303
EID_5268,0.18090984278467204
EID_7619,0.164798871144626
EID_23028,0.1903987363352826
EID_22104,0.199410794533037
EID_10318,0.18870858492903153
EID_25369,0.14853171239883523
EID_16633,0.16294602894191712
EID_15848,0.18758064953749454
EID_2240,0.25712943115161124
EID_1059,0.16805897629694755
EID_9315,0.1619436400029599
EID_15388,0.17703577734050668
EID_9984,0.1563481257322792
EID_4296,0.20561855277139784
EID_10927,0.1656047789991817
EID_25054,0.18258369248360395
EID_1884,0.2055612619364524
EID_21960,0.17308697064186163
EID_5572,0.18410916953746437
EID_16872,0.17782387528507115
EID_24525,0.19197427657059052
EID_14237,0.1840513577379852
EID_7114,0.19005365495854676
EID_7448,0.19984979710238804
EID_17668,0.1912324736354094
EID_7674,0.2112568998117581
EID_5884,0.1873092693024887
EID_13942,0.15623840746354745
EID_13098,0.19666710799674547
EID_7695,0.1896748594208475
EID_5350,0.20464745732840584
EID_22853,0.1746057801593679
EID_2385,0.23863491903301792
EID_18006,0.2038756848037906
EID_12875,0.1973243317074207
EID_5478,0.18285860256207798
EID_18690,0.15736331382538538
EID_12545,0.21422740085768055
EID_13888,0.18200017246226707
EID_9732,0.21310044418152074
EID_18001,0.19932126172108156
EID_17479,0.16585862953627384
EID_23757,0.1896129181170636
EID_1303,0.24133903324616313
EID_5375,0.14657117536989972
EID_5869,0.15457127450770258
EID_8825,0.21194567787370033
EID_22567,0.1611076892132246
EID_16273,0.17097392259847766
EID_20618,0.19797384289552156
EID_3608,0.18593340592866525
EID_8806,0.20400603004929962
EID_23170,0.17668865625250874
EID_12243,0.19858163768407167
EID_20089,0.20204305153663427
EID_16852,0.16430974436872248
EID_18312,0.18389682368746207
EID_14010,0.19683585866289377
EID_14705,0.2125074489026133
EID_20956,0.1727023377074488
EID_18794,0.16888225220554887
EID_1629,0.20442560448782388
EID_25483,0.20407204137012513
EID_4542,0.1992777210850818
EID_10076,0.21065391922178378
EID_9469,0.1797355858714127
EID_25284,0.21455159419855363
EID_11972,0.18073828871280284
EID_1798,0.1628526451631842
EID_21903,0.2018438836689711
EID_20031,0.18898828356384456
EID_20365,0.1761259708245575
EID_9210,0.18134684627301567
EID_19750,0.21927272806618703
EID_4006,0.17192099465722777
EID_24922,0.1819420463722281
EID_4760,0.1730138935637342
EID_11035,0.17235716106233667
EID_21008,0.19144571027379698
EID_23731,0.15963685143390194
EID_21788,0.17079497519557663
EID_5428,0.15521716162243138
EID_14023,0.19873936689020866
EID_2937,0.18345528076895334
EID_16931,0.16932014565054487
EID_18299,0.2015954840123868
EID_6660,0.2075151858010713
EID_23187,0.22650347893136313
EID_14868,0.18513565973239565
EID_23247,0.1524803744520682
EID_15971,0.18152775382486652
EID_7852,0.21042538539199995
EID_7017,0.19822085973783032
EID_7494,0.14517653521437524
EID_18706,0.17357658455858882
EID_22784,0.19933817974430212
EID_10756,0.1961484125579318
EID_6854,0.18749209658875543
EID_12554,0.2038007679140037
EID_1162,0.16818465895767076
EID_19581,0.17387718562582677
EID_2169,0.18664660095174668
EID_25149,0.18051229976657623
EID_22575,0.1666230327523408
EID_2265,0.163618930169946
EID_19668,0.17813307268386325
EID_19245,0.1979081694114484
EID_8194,0.17476066970345983
EID_8081,0.23098968992132995
EID_8670,0.18620189051404168
EID_7992,0.18048617916269905
EID_6596,0.2080284177810654
EID_3699,0.19924184403140544
EID_9698,0.21027152367264534
EID_1847,0.19691364423295
EID_16179,0.1782365119664746
EID_23663,0.19375227161049224
EID_24287,0.19811216352115935
EID_3527,0.1814988863061444
EID_18652,0.18067532825233457
EID_24110,0.20109927840576347
EID_21419,0.21768239661480493
EID_12865,0.1861562950100506
EID_9237,0.20323042551160597
EID_20408,0.1692939290099389
EID_22934,0.21597487030942375
EID_6492,0.1792013450902914
EID_20285,0.22695450733903044
EID_1286,0.16759401503685467
EID_12542,0.17978600296771674
EID_5523,0.2001597586035473
EID_1979,0.1949931854969691
EID_23146,0.18769969405877873
EID_4773,0.1792325381790647
EID_8785,0.18207145596090868
EID_4463,0.18418815198862148
EID_24028,0.16492415536686167
EID_20920,0.21321590527037415
EID_21392,0.20331242923276704
EID_4079,0.1626502490466919
EID_5173,0.16035368282064155
EID_22915,0.1881924045709411
EID_18347,0.18819692429883617
EID_7984,0.16468337200603855
EID_25148,0.21935073654753978
EID_4350,0.2001025636278655
EID_6909,0.1819899413598023
EID_10582,0.190437049419927
EID_6248,0.20035159243946055
EID_10035,0.1783724795151329
EID_24603,0.22650910946794056
EID_1794,0.1696064583900352
EID_9407,0.212762146453656
EID_2114,0.17449219004538463
EID_21125,0.18682846435353895
EID_15046,0.19625972373347622
EID_8058,0.20277805271376792
EID_1961,0.15517566373819136
EID_23324,0.18306125123774564
EID_21521,0.2273206031185282
EID_11043,0.22303065833852997
EID_6461,0.1994808625341875
EID_10398,0.17819214525326288
EID_20635,0.17365646285566072
EID_22940,0.22249146578661794
EID_8582,0.1570775285721311
EID_12770,0.20034472906172596
EID_15982,0.1895076818166217
EID_19692,0.19168638461371756
EID_18304,0.20567717761059612
EID_13603,0.203654483625769
EID_6145,0.19561936313971273
EID_16587,0.18849211516737796
EID_16835,0.22666227322292798
EID_8399,0.1988588609615931
EID_7012,0.18667706516168892
EID_20575,0.15518137084347927
EID_20747,0.16540059952308184
EID_3907,0.19850055886138307
EID_22626,0.2299574554928654
EID_4442,0.18382709390459695
EID_18034,0.1895777765931257
EID_16055,0.18997585862319966
EID_21684,0.16936366265048264
EID_17499,0.2105439156312059
EID_1222,0.15372158395871338
EID_17204,0.18967563679819932
EID_22732,0.19189655038076125
EID_8539,0.1733128655260998
EID_23136,0.19845708291484243
EID_24470,0.2073994996110855
EID_17404,0.19500931997987436
EID_21498,0.1990073908962131
EID_19495,0.18278739165964453
EID_23966,0.17156654434063512
EID_1388,0.16743627634406266
EID_7374,0.16868654113977755
EID_25441,0.2298604377024276
EID_16616,0.18487442955790812
EID_7654,0.1828608622339516
EID_4217,0.20299317636408887
EID_9968,0.16160633780310718
EID_17830,0.19431195850984295
EID_12023,0.19383902868605674
EID_24002,0.1480756342086238
EID_11371,0.19880649394451666
EID_11096,0.17542323820134698
EID_24835,0.23579820408332353
EID_17439,0.16815140333562795
EID_6587,0.2001849780015732
EID_21946,0.20332007551689912
EID_5431,0.19222344828449422
EID_4723,0.17715905493093942
EID_11535,0.1975007855009494
EID_2330,0.14272987227258227
EID_23531,0.21268649465872613
EID_8913,0.17760545265809924
EID_21273,0.19063367598744207
EID_11927,0.19466315512858046
EID_1385,0.16779308118202607
EID_15758,0.20375489148767656
EID_1023,0.18650587218041892
EID_8959,0.19697099033135146
EID_12911,0.2025142142198888
EID_15925,0.17360203260938079
EID_17769,0.19311448518345742
EID_19842,0.18910361605094295
EID_15875,0.1734363237407024
EID_21284,0.15968117468753462
EID_24825,0.1985897491229025
EID_23825,0.1701453044521486
EID_13001,0.18822982899354201
EID_25601,0.19192787610245432
EID_24670,0.19816501196021363
EID_24412,0.22748040394037616
EID_18712,0.1683356533872029
EID_21138,0.17961090065250573
EID_19335,0.190493775941718
EID_16753,0.20161707571230636
EID_24399,0.2054599132649173
EID_12567,0.19453978163619468
EID_22161,0.1727803030524342
EID_12609,0.1857850601365385
EID_22249,0.16205649376053088
EID_5314,0.16653763637168595
EID_1897,0.20582733622069327
EID_22507,0.17872457286443932
EID_2878,0.17158019733903984
EID_10098,0.16642196385419084
EID_18435,0.20825747148927576
EID_8063,0.18506183264474885
EID_3512,0.16452295844567288
EID_24444,0.16915932650164223
EID_9813,0.19925728721784708
EID_25132,0.190572211157928
EID_5613,0.19067373142678434
EID_14062,0.19157524148988614
EID_20073,0.18277891545341163
EID_12506,0.18941746962133266
EID_1092,0.21744630290123723
EID_15895,0.17448364546356743
EID_1039,0.1656317594794814
EID_22016,0.2028684394414313
EID_6764,0.21040865568147638
EID_17384,0.2095306988596235
EID_8705,0.174754168247091
EID_14832,0.18618820044497397
EID_16473,0.1772896206873611
EID_11186,0.1851262860867564
EID_7476,0.17181450911550655
EID_19671,0.2007704546097102
EID_14001,0.1852042710427213
EID_10658,0.17607547208444885
EID_6668,0.18060849820778913
EID_13786,0.2069851687979849
EID_11224,0.18284539084220341
EID_13296,0.17702460848363444
EID_22145,0.1921808656554731
EID_6494,0.20197905829689944
EID_1649,0.1595654913596718
EID_20878,0.2257516837798903
EID_3790,0.1810491847980984
EID_9257,0.20323565932170595
EID_14917,0.19256214771309033
EID_22052,0.19636178755933997
EID_1198,0.15526599294673815
EID_8478,0.1695985295911555
EID_2071,0.18763766221434253
EID_1250,0.14995921862146133
EID_9000,0.18759479825388325
EID_17319,0.19159716575700259
EID_21794,0.19909335561601438
EID_23350,0.20941111856325278
EID_16278,0.17217255306354673
EID_3330,0.16010022977809513
EID_12584,0.19771154138567226
EID_9354,0.22697967103266592
EID_15007,0.17124185614176213
EID_11656,0.19124265565557153
EID_22526,0.16677008391292247
EID_11027,0.18125727055553398
EID_21588,0.16168480266662755
EID_13717,0.18735819273251764
EID_8073,0.17198773728676997
EID_15972,0.17641978838128125
EID_5730,0.16718011876571381
EID_23968,0.1641841233958985
EID_4299,0.18813431430089622
EID_6302,0.16149847475531942
EID_6974,0.17010104532789683
EID_4829,0.1874457577391695
EID_21139,0.1826188504763877
EID_23456,0.18038530335729774
EID_20110,0.1419321909456812
EID_20342,0.18865605400890217
EID_15238,0.2148408295088302
EID_10349,0.18078501611444153
EID_10077,0.15109295796867173
EID_22330,0.20362951145091301
EID_4368,0.18963593290800418
EID_8859,0.1840809030663877
EID_24277,0.1474217129734825
EID_1061,0.2130622574533163
EID_5597,0.1799166678730444
EID_4820,0.20137669911844114
EID_5863,0.19704263998107763
EID_23680,0.17697568778072537
EID_5542,0.1751072048008382
EID_6203,0.14769399410113238
EID_5355,0.18727835043108598
EID_19669,0.21787252538513258
EID_21725,0.19305374468592618
EID_2138,0.18946562403289136
EID_24278,0.18635614440199788
EID_6591,0.2062277357271114
EID_21056,0.15464021912981707
EID_18759,0.24380061151100563
EID_12059,0.18631721958126946
EID_11077,0.19030880662757
EID_17216,0.21820696387243288
EID_15655,0.20034203195837108
EID_19017,0.17242166482850507
EID_17846,0.19635287092364706
EID_6418,0.20209768607173828
EID_25942,0.20775816209783216
EID_5420,0.18418337435514331
EID_11764,0.16991484108598343
EID_16483,0.2080784400174025
EID_1901,0.16362259155778247
EID_21480,0.1888245433720499
EID_8006,0.21758809817026759
EID_1282,0.2029590005187174
EID_6895,0.18312549555184887
EID_13677,0.1921728514639085
EID_6071,0.19929565859439435
EID_14425,0.17764971140525176
EID_22685,0.18352443733584778
EID_20203,0.18564840830771345
EID_19161,0.17612962179163105
EID_1947,0.17637701503235803
EID_16574,0.1944233923834986
EID_2561,0.18216033441296986
EID_20668,0.18849640638404708
EID_7831,0.21850849427841013
EID_8769,0.18125211314611533
EID_25191,0.19150558892908975
EID_15590,0.20758750634053058
EID_12458,0.18118379144232222
EID_11406,0.17041142458742797
EID_17629,0.1693886001738747
EID_4632,0.1745386811167009
EID_18455,0.19149863305256076
EID_23077,0.20736068998598967
EID_25024,0.20010074876631734
EID_6269,0.20351070958986384
EID_12100,0.1972818343963354
EID_23190,0.2024577803413763
EID_9030,0.1896734683386967
EID_12359,0.180897061249766
EID_12041,0.1687962479578573
EID_2019,0.19208018325900866
EID_22974,0.21315864709731613
EID_10351,0.17942491192184207
EID_23630,0.22518044763671696
EID_7309,0.1875701271918615
EID_19821,0.20141439543618844
EID_4033,0.18078148027257157
EID_3435,0.1928437249249555
EID_5759,0.1700421056164032
EID_12826,0.2022722244172428
EID_8148,0.18333502119651257
EID_16088,0.16449336080802368
EID_15783,0.16702463983165217
EID_19521,0.21223129129163
EID_13016,0.16839563552389336
EID_13708,0.20102209730146114
EID_4237,0.19761163061036768
EID_3620,0.1770702072660697
EID_10042,0.1502985500881664
EID_8833,0.17116069686915125
EID_21028,0.17718636526092268
EID_3485,0.17184696670307176
EID_23372,0.22647002524638538
EID_19410,0.21532255355646157
EID_6598,0.1888574372402445
EID_25371,0.20855191345413004
EID_19483,0.16179777820519803
EID_22826,0.1751669120852739
EID_23606,0.17620256594830153
EID_9346,0.18326650132513578
EID_1608,0.1811906933694445
EID_1603,0.1981749092803966
EID_23041,0.1879544381067717
EID_7801,0.17976325292715956
EID_22456,0.1796111855082927
EID_24428,0.17097235042535885
EID_10811,0.19655269133897946
EID_24566,0.2079292980407672
EID_2531,0.20605189820685155
EID_10878,0.1702768715312004
EID_19548,0.20645395227887775
EID_11988,0.2054890306795869
EID_11378,0.21866834855131856
EID_9896,0.20341595393011858
EID_17323,0.18236899453006572
EID_24976,0.17993655071393277
EID_11249,0.17271246598380685
EID_20395,0.16430722540104625
EID_18262,0.14724962404557118
EID_14670,0.21449621205420044
EID_12880,0.18012286141515688
EID_1406,0.197443461371563
EID_23014,0.19651669041599007
EID_5224,0.207949299877896
EID_3232,0.16398917483911646
EID_22327,0.19091465039741706
EID_2285,0.20959722530994895
EID_20468,0.21807713619352853
EID_4443,0.1793661912282687
EID_15641,0.17982151078695097
EID_8106,0.20761704414474025
EID_13958,0.18325421018130328
EID_10214,0.21158330404324488
EID_17739,0.18284707435554992
EID_13347,0.19273505211629072
EID_23453,0.1587237979371139
EID_1477,0.2183601083755775
EID_20224,0.16489317351960153
EID_2362,0.167822263974017
EID_21421,0.19657193776930626
EID_7860,0.19916263146774327
EID_10286,0.1551970281502122
EID_7184,0.17494740145264132
EID_21742,0.20740922973391207
EID_21610,0.18426128289877397
EID_19375,0.18606438948569348
EID_18564,0.20563255547830295
EID_19108,0.19790902044707082
EID_17928,0.18632613550096266
EID_25613,0.189545324787332
EID_23787,0.1647170448591737
EID_2392,0.2000592752053194
EID_7574,0.2007374784278113
EID_9810,0.1672149268580938
EID_14332,0.21565145263195973
EID_20937,0.15711113507404662
EID_7827,0.17017444794424819
EID_7457,0.20341217588645577
EID_11152,0.18893879420835447
EID_12917,0.16343738449654666
EID_18590,0.1971946920625669
EID_15327,0.20423750350084902
EID_11687,0.18721583350122728
EID_5179,0.1537635033433844
EID_5623,0.1565913949453943
EID_25331,0.1949921755750097
EID_24386,0.20046717341176645
EID_6507,0.20717777143875082
EID_7842,0.19350132443469192
EID_12018,0.1833390668920174
EID_6640,0.18698133942353934
EID_9872,0.17676042477307874
EID_2331,0.23242708795226008
EID_19685,0.18058202544443702
EID_25701,0.2168682689151069
EID_25681,0.1904877022209348
EID_20151,0.18928960736059253
EID_8980,0.1898239838454856
EID_12719,0.19566683204459423
EID_20075,0.18901510147122735
EID_14984,0.18375999858812975
EID_8177,0.18987426087272752
EID_1360,0.21802987012335961
EID_24812,0.2152678386860316
EID_8480,0.20915087815171773
EID_14567,0.211963959269724
EID_16194,0.2107654321133623
EID_10020,0.18129470307314932
EID_7321,0.1956281887362934
EID_15387,0.179300040642147
EID_19419,0.1868029178388042
EID_20496,0.20321596667719177
EID_1308,0.19439873994258505
EID_14770,0.17138040600849536
EID_21893,0.17355630324601634
EID_10990,0.19400564028455847
EID_17521,0.23674978164410732
EID_15274,0.21346237635668786
EID_24001,0.18058330057579042
EID_4111,0.20382362443376678
EID_4284,0.14797263034586194
EID_19682,0.17304841606210175
EID_14871,0.18990190668478135
EID_18152,0.17123125270649098
EID_12520,0.21726708094695368
EID_4739,0.18158943861976695
EID_8424,0.1692654449228712
EID_23600,0.17510495081955924
EID_25891,0.21099175697861483
EID_11618,0.20271546287278852
EID_12674,0.18824456120341893
EID_5999,0.1722735917599607
EID_18063,0.1566860764443163
EID_14859,0.1705502491962534
EID_20353,0.16998699222750702
EID_22962,0.17024652718214384
EID_19650,0.1617893323796693
EID_6108,0.19939346697213978
EID_19012,0.233075363548096
EID_22925,0.19305547097337694
EID_15619,0.20417738459480006
EID_19998,0.18629926946459818
EID_20052,0.21575878314502006
EID_25044,0.19348258583488587
EID_5422,0.2253977368940241
EID_15354,0.21845227828316638
EID_3804,0.16659122883629607
EID_23277,0.17683793453585395
EID_12336,0.20518241520210267
EID_24839,0.1665501624446506
EID_1651,0.2045958067524225
EID_24355,0.21167584354878954
EID_24276,0.2230929659966705
EID_10346,0.16700180224881933
EID_9579,0.18217624551834888
EID_23242,0.2105051443632533
EID_23541,0.20018767959811612
EID_14741,0.14274117813056364
EID_7783,0.1901567250951075
EID_12569,0.20486069404779528
EID_3834,0.18283486358927803
EID_6799,0.22473714330931216
EID_15609,0.20716456968403918
EID_5496,0.18275283846082857
EID_5080,0.20884333899448393
EID_14834,0.20377288635052082
EID_18266,0.17902738426687392
EID_1182,0.18242750976924071
EID_6445,0.19189974803066434
EID_18656,0.19125093673926585
EID_24011,0.1948842505858579
EID_25093,0.2080699337424221
EID_11334,0.19371130683703086
EID_15785,0.15492269464812125
EID_8060,0.1841021519051651
EID_4349,0.19523343390744685
EID_22525,0.18273216783916268
EID_1231,0.21364615301234835
EID_2127,0.15308379067300848
EID_4047,0.1953230881071022
EID_12989,0.19535277706847864
EID_17726,0.21411838946556827
EID_1602,0.19862908695108672
EID_5945,0.16652874891650526
EID_15166,0.19971566847215172
EID_25317,0.19252708869089474
EID_18848,0.1773120981416696
EID_14455,0.2065933138001128
EID_9724,0.18136507142287428
EID_22697,0.19254608229073256
EID_16505,0.19005778913333415
EID_11616,0.15617257742940183
EID_10352,0.2084695338983238
EID_24093,0.17958789385556884
EID_11826,0.21442582441687819
EID_24211,0.208591127302725
EID_14709,0.2049723219868156
EID_18747,0.19680057680466234
EID_16077,0.19885379919963952
EID_15440,0.17806436410978677
EID_4935,0.16999637025770653
EID_13791,0.1933764437744685
EID_16876,0.19406758068089403
EID_1335,0.18435295819620023
EID_19086,0.20510958383601974
EID_12872,0.1778475581640464
EID_11623,0.17969788143625465
EID_7807,0.20494482266190062
EID_9605,0.20714563502480132
EID_12736,0.21306697620514115
EID_20565,0.19658671375771064
EID_17225,0.2030724371315955
EID_19974,0.17461632674945804
EID_16045,0.1605247109366701
EID_2082,0.179079258369768
EID_22219,0.16834131078240944
EID_19439,0.17676026383105636
EID_2979,0.1713059853489085
EID_24414,0.17946145778290656
EID_15148,0.16728138088052447
EID_10690,0.20744901086965228
EID_16346,0.18407240232198774
EID_22752,0.21432184148005717
EID_21746,0.20791995693144827
EID_1705,0.17874994435851477
EID_7498,0.20824521514282424
EID_6874,0.18719334036973123
EID_4543,0.19644430646576438
EID_8931,0.1646734221479278
EID_16435,0.19652753039747495
EID_16767,0.1812349966057809
EID_3058,0.1839011924251963
EID_16381,0.17861109593911806
EID_17190,0.17191559272413315
EID_7079,0.14989777135770055
EID_10191,0.18048648187232175
EID_1378,0.17698717279733955
EID_20222,0.19361966593282887
EID_6156,0.1806026620998864
EID_5975,0.18389429769734988
EID_18682,0.1780127827795468
EID_8837,0.18841562016973512
EID_24686,0.19388894827704917
EID_9869,0.21791511481217185
EID_14673,0.17454474279691112
EID_14443,0.15848257526522502
EID_21591,0.19277556147187624
EID_25240,0.18067343426838534
EID_18365,0.19491224462723267
EID_9260,0.21077610018738824
EID_10696,0.1922926233949056
EID_18012,0.19106048739172365
EID_17421,0.23095941178047497
EID_23615,0.203987162587282
EID_14132,0.1868486929087112
EID_13168,0.18054967533061017
EID_16973,0.17740208268094193
EID_13426,0.16620408545361443
EID_1493,0.17072203430177524
EID_3994,0.17863227188740893
EID_10574,0.214221124975154
EID_12394,0.16485349187416887
EID_4781,0.1959259243853353
EID_24911,0.20304107518182946
EID_3205,0.19686383640748772
EID_25568,0.1831929723828125
EID_4343,0.20369271689668267
EID_4330,0.20874240988564452
EID_12518,0.19297063879821508
EID_18426,0.17019061577764205
EID_3862,0.19703889505569805
EID_13478,0.21575242040296416
EID_5607,0.16975280045187446
EID_22353,0.17584357643556814
EID_18346,0.1619399542651081
EID_5978,0.19842646591473567
EID_3391,0.16192116366778464
EID_8525,0.1911767934929003
EID_5245,0.1687127943429232
EID_11791,0.19398645955436677
EID_22913,0.187651168383411
EID_15587,0.19498906014473505
EID_4851,0.1995850352535058
EID_3432,0.15998791500555853
EID_13090,0.16955339633642552
EID_15117,0.22055044393994194
EID_22004,0.1641853536485769
EID_16053,0.18394277903644252
EID_16458,0.21086798844993382
EID_8021,0.19883578988424233
EID_24385,0.19636469992087768
EID_7053,0.20173956502401325
EID_13544,0.16720519488018226
EID_9014,0.1743521570477924
EID_9246,0.20491522322538458
EID_15642,0.1688417361201573
EID_12295,0.1920645020256302
EID_7925,0.21478381313045247
EID_18473,0.15315355921325136
EID_19427,0.15752656757035766
EID_17027,0.17695746396987033
EID_22093,0.17042047267852922
EID_25611,0.19004729267271614
EID_20490,0.23145251383772347
EID_4204,0.13258034640574579
EID_2604,0.1434864002179097
EID_16152,0.21732905725377805
EID_8563,0.1936813946078928
EID_18620,0.17967446151953936
EID_11012,0.2032911236642576
EID_19598,0.1783731535961124
EID_13159,0.19382307027052548
EID_13171,0.1656131219017425
EID_8374,0.17132148205678277
EID_9838,0.22242505975742688
EID_18489,0.18236956666953574
EID_17451,0.22198729522966687
EID_7269,0.21758499081295213
EID_20548,0.20668849537878486
EID_9466,0.18146461004744197
EID_16085,0.22086572499250678
EID_24082,0.20781874728390903
EID_5078,0.17533663217540152
EID_23951,0.1782454854639468
EID_8327,0.188257572967359
EID_5904,0.22063302526095185
EID_11085,0.17558755622661693
EID_21437,0.20621221128715206
EID_7471,0.19990506130631047
EID_12046,0.19383368420835723
EID_18653,0.1881920141000819
EID_14175,0.23469932186640108
EID_5514,0.19631517955446043
EID_20148,0.20235886847780193
EID_14260,0.18543185277235352
EID_15574,0.19427374289398358
EID_7287,0.18485976490717348
EID_18889,0.19615603126055703
EID_13106,0.17176717021555987
EID_15448,0.19020313699536473
EID_25897,0.20930427589706824
EID_23758,0.18339157737909773
EID_23208,0.1728096113627089
EID_13646,0.19651161969693476
EID_5467,0.19843720566728962
EID_6022,0.1738951720822115
EID_10923,0.17311544972596948
EID_10408,0.227606041335207
EID_4186,0.15851058402472518
EID_22022,0.16848072368293288
EID_16390,0.19353031924691777
EID_19493,0.19365081868176048
EID_12519,0.1983121324686863
EID_23549,0.1817722859985338
EID_17612,0.20462183462262828
EID_25007,0.17464054815144436
EID_1949,0.19497790237073787
EID_23313,0.20159135507020665
EID_22516,0.21729033027986588
EID_21836,0.19053669316133437
EID_7268,0.18177856939314552
EID_8202,0.20690135853919855
EID_6613,0.19349202079843053
EID_2596,0.16652691699101752
EID_19849,0.18115704749675388
EID_11546,0.21288826977172448
EID_3942,0.18024143232446477
EID_7899,0.20774711711692362
EID_4802,0.1946843734722279
EID_6725,0.18643707960973188
EID_3835,0.18797637498516906
EID_9511,0.19338350635746338
EID_5757,0.19365404549222376
EID_24838,0.18669380436767824
EID_15225,0.20838453029375614
EID_8238,0.15975710832213963
EID_2826,0.1864335508929571
EID_20774,0.178038675082405
EID_19311,0.1636687396901948
EID_12339,0.17095464253696946
EID_1583,0.2241392749385227
EID_1033,0.20176155437525267
EID_10764,0.19907610603763715
EID_17203,0.20288251802912782
EID_1345,0.16621060296654377
EID_4951,0.18148107074068776
EID_16956,0.22403201932377215
EID_9203,0.21934758202917237
EID_7021,0.16021684881923193
EID_8707,0.20318405890373015
EID_5209,0.18096366017232413
EID_20428,0.18888727729682842
EID_10913,0.20277739976029352
EID_11507,0.20240074811226805
EID_3693,0.18726654662469855
EID_22857,0.1823754983146273
EID_18744,0.1751664731457936
EID_19600,0.18822454173232472
EID_21336,0.1909579978577085
EID_17676,0.1831307020141253
EID_1678,0.20690721066966944
EID_4889,0.1965766947135421
EID_9961,0.20773716682765553
EID_23386,0.19193935043483634
EID_19835,0.1835246912078219
EID_9519,0.18020647488623354
EID_5449,0.2008238040566539
EID_20640,0.1714542115738027
EID_16387,0.17536401448450079
EID_20293,0.1792106246637104
EID_2296,0.17684941896294504
EID_11827,0.18350737289398467
EID_21522,0.20549105470774975
EID_2767,0.17983561002165516
EID_2873,0.21114575662238622
EID_2603,0.16559082142958914
EID_2674,0.17666228702830722
EID_23682,0.18344892224558862
EID_13310,0.21641390903346291
EID_6523,0.16821827824412594
EID_13056,0.192019715648712
EID_7244,0.18644040119869487
EID_1072,0.1915033847652694
EID_25833,0.19143585651926287
EID_11244,0.17517100000145547
EID_22918,0.19036871010780487
EID_16735,0.1986715634045595
EID_4201,0.21300682901824075
EID_5998,0.19799050656541795
EID_19254,0.17198264667979402
EID_16653,0.2073812793931893
EID_11729,0.21818305495253298
EID_19573,0.20796386869517391
EID_21463,0.2113047934876704
EID_5899,0.18034995508099882
EID_23613,0.194563462671681
EID_8609,0.17691043785293914
EID_2660,0.19591657173509702
EID_1333,0.18743813063940706
EID_3212,0.19182381577911656
EID_7830,0.20012648528779664
EID_4372,0.18226552816679487
EID_15955,0.19240270358136513
EID_22059,0.18842755103622721
EID_22804,0.1697919423163512
EID_4700,0.17820311619692575
EID_14401,0.22500452776796465
EID_19971,0.1953348891930773
EID_10684,0.1773808374954342
EID_21512,0.17901912787624497
EID_16722,0.18822355246635425
EID_16012,0.1523798029562613
EID_19093,0.20188203686484485
EID_25636,0.18064054130212526
EID_10567,0.2216412967746919
EID_11601,0.20763421181169406
EID_25697,0.20961650630414397
EID_22131,0.20016147595976008
EID_8511,0.17677095014607858
EID_18114,0.20389566316896435
EID_12784,0.20254363912488316
EID_12820,0.18055223973937018
EID_4512,0.16224539782081138
EID_5837,0.17026417094029966
EID_12564,0.18090415563904116
EID_16737,0.17930674539741176
EID_25986,0.2088111362862719
EID_8729,0.17729093402653007
EID_4386,0.18007520794537868
EID_5223,0.2056988130651689
EID_1494,0.20230133046413812
EID_22699,0.1683224578532645
EID_1083,0.1769421907403057
EID_1329,0.1745840361958244
EID_3550,0.16459005755598355
EID_18845,0.19265132329519474
EID_17946,0.19792258194405576
EID_1712,0.19495557252992057
EID_12024,0.17962401677328899
EID_2974,0.1731048198014946
EID_12806,0.17068585433077033
EID_10396,0.18483572773152446
EID_3998,0.18804415610156866
EID_22451,0.18347893698512507
EID_12242,0.19148596313345934
EID_18599,0.1631647152332789
EID_9423,0.17441958398933366
EID_25347,0.1451873344415162
EID_20183,0.18969533179904374
EID_18079,0.2149168186155066
EID_10059,0.1876987684714777
EID_1322,0.19284341435820807
EID_18109,0.19023465580784205
EID_7325,0.18227253918428232
EID_6000,0.19465729073652938
EID_10760,0.18716475566509416
EID_24380,0.17094585873905999
EID_7070,0.20516724892490856
EID_2796,0.19473662187607488
EID_18860,0.18887365234456865
EID_13597,0.17989897753989226
EID_6858,0.17577088571488275
EID_14987,0.22013620564860048
EID_8902,0.18882018178442195
EID_9453,0.16193878614939194
EID_20605,0.18536153017214474
EID_16020,0.15960491784591113
EID_6335,0.182238006089392
EID_1317,0.19597264937681302
EID_5575,0.17237695049823287
EID_17433,0.22543174102167995
EID_6238,0.16961669860916118
EID_10734,0.18374163247347042
EID_7661,0.20230606459892897
EID_9281,0.14771812040930854
EID_19259,0.1990237544498541
EID_9544,0.20831435253012387
EID_2572,0.20784243301557126
EID_12706,0.1790317317734207
EID_20500,0.172280481149528
EID_19258,0.1801002085327923
EID_15915,0.24346819661246855
EID_25265,0.21431180495682156
EID_16567,0.2089721533555462
EID_19553,0.22239802891431282
EID_25403,0.21536799653370053
EID_10354,0.19239074935887857
EID_19522,0.17204757589485098
EID_20132,0.1881862191311825
EID_3363,0.1846582120729181
EID_15253,0.1688960932896748
EID_8368,0.16433455270339437
EID_3883,0.2085138062269607
EID_7323,0.15089341840268844
EID_16203,0.20982780416034075
EID_9080,0.2118694704539621
EID_12266,0.1869009280476348
EID_13777,0.17293731399399803
EID_24876,0.17500762298072914
EID_11961,0.2517849251273674
EID_25871,0.17328969521577164
EID_3563,0.20114893984731452
EID_3377,0.1534280320724406
EID_19924,0.18720559996137354
EID_4070,0.18419193519105193
EID_7727,0.20144999895217097
EID_2253,0.20269059876227402
EID_5056,0.19532982626355988
EID_16751,0.1944968267554259
EID_2105,0.17780797982698004
EID_14078,0.18683597643644134
EID_18779,0.19966110692587336
EID_2218,0.1592650057426681
EID_6130,0.17736714470163406
EID_21722,0.18580580922758827
EID_17748,0.1840751245826482
EID_21322,0.2025504571778356
EID_6016,0.18270170084167603
EID_20480,0.18751536449144623
EID_18843,0.21503110512480816
EID_7336,0.1814407436562533
EID_4455,0.18563940464940742
EID_15206,0.21302009108018183
EID_15582,0.1911800184581125
EID_22381,0.19652577196342236
EID_22606,0.18666775086290954
EID_12159,0.16778359374825413
EID_10027,0.18108364928730225
EID_4107,0.18997757020554218
EID_18932,0.17477690744436813
EID_1321,0.1749899533280086
EID_7759,0.16760144592331017
EID_21961,0.17197915903159355
EID_15289,0.19344068928558045
EID_23069,0.19053808642718195
EID_17187,0.22267241863261233
EID_25372,0.17109921377954151
EID_9787,0.19860074565235664
EID_9797,0.2109923377671521
EID_10831,0.18711980128887262
EID_24620,0.20919410209751277
EID_8715,0.19282250536201673
EID_13459,0.18120110189556726
EID_14031,0.21495853228020678
EID_14541,0.19774204694567743
EID_12395,0.1848603815816432
EID_7150,0.19015577815764573
EID_14422,0.1655529924096868
EID_19060,0.20978036491140983
EID_9338,0.15692230485984737
EID_21042,0.19975823595933662
EID_8011,0.15747359500409175
EID_8102,0.1741697996629341
EID_11068,0.19479021119985873
EID_15461,0.18051819075230924
EID_18509,0.1924244394825223
EID_5796,0.1900474207628804
EID_19905,0.20234549804484914
EID_21609,0.21321384883515293
EID_14873,0.2042772930691399
EID_8033,0.2037817385800622
EID_21354,0.158101744957321
EID_16377,0.20040462179474616
EID_10566,0.18781940787096119
EID_4791,0.16846435005925287
EID_20944,0.1918744186733079
EID_24913,0.19788716312075394
EID_3868,0.18122621474901734
EID_10611,0.1821163434589721
EID_21702,0.18694365639339594
EID_9472,0.15552247652942697
EID_10746,0.18509835676167086
EID_17717,0.2153783283259827
EID_18535,0.16972406954118924
EID_23706,0.17234119223564903
EID_7039,0.16910270677226436
EID_23797,0.20156333540342075
EID_1574,0.17986390665873841
EID_5931,0.18667004773612916
EID_6468,0.219383314880929
EID_15805,0.2317596633638459
EID_2988,0.19744111988080704
EID_21966,0.17147173768870516
EID_16571,0.19977618377038198
EID_10082,0.173243607545146
EID_8359,0.18321101025520647
EID_3200,0.2001007108186741
EID_2206,0.2178639204449837
EID_14234,0.18753604686162362
EID_12498,0.19883675720905103
EID_12009,0.20940320309796334
EID_12486,0.18498077955325698
EID_2679,0.2140275686934956
EID_25329,0.15546522227833748
EID_18268,0.1693535665873469
EID_18253,0.1983024032385856
EID_11915,0.17763421253607703
EID_2503,0.20090045612238328
EID_22110,0.19397220662926884
EID_9344,0.1951689330753652
EID_17568,0.17945700865027447
EID_1445,0.18217262307484816
EID_12971,0.18584646928798065
EID_14129,0.1599212205456979
EID_22888,0.20697588408518186
EID_17510,0.20225793040447115
EID_11722,0.18805765101660654
EID_18542,0.16601973907609135
EID_13158,0.17074213121736648
EID_2810,0.20547448534483692
EID_16559,0.20156942858648108
EID_1124,0.171563110846364
EID_2137,0.1653302077160106
EID_13145,0.1708224052354126
EID_14181,0.17105456999922808
EID_24695,0.16403394531232607
EID_21367,0.20121855971081004
EID_13213,0.1936610903803171
EID_15852,0.16758513335446423
EID_9531,0.2077274078345681
EID_6197,0.16214441329270812
EID_20012,0.1797364560928827
EID_10381,0.23140910220570277
EID_9136,0.19019269577790965
EID_12063,0.16293546015765514
EID_22318,0.19060874698953967
EID_24047,0.22418483667735245
EID_5834,0.1821100198948784
EID_4763,0.17879438639710088
EID_24096,0.1895509113994649
EID_13825,0.17864855599356133
EID_14326,0.20437857289596195
EID_10111,0.18229572178745457
EID_23362,0.1869976321590343
EID_8682,0.1956480223572612
EID_18727,0.14658112994220573
EID_20725,0.20459938351621076
EID_15976,0.15759573537371807
EID_17626,0.18544403198330883
EID_13302,0.18317234234859825
EID_11333,0.17490775111537005
EID_12305,0.1944873012890298
EID_4987,0.17823529757305323
EID_12132,0.18377405146640058
EID_14163,0.19303488740609964
EID_15666,0.19100732156323375
EID_19257,0.19227121178630568
EID_1591,0.16848825147212665
EID_5610,0.18140649811448384
EID_4835,0.17004370147174086
EID_5060,0.21462222287868826
EID_15897,0.1990071904215256
EID_9771,0.21993868861886767
EID_11486,0.18918735870636283
EID_14583,0.19046928292203802
EID_17832,0.16708032344934054
EID_6876,0.19926485066474697
EID_18560,0.20440089832129615
EID_1091,0.19625518017653576
EID_3837,0.1776121178786525
EID_8508,0.19904467182180952
EID_23640,0.17653046024349806
EID_13280,0.19620140716233436
EID_3352,0.2349324677287541
EID_13404,0.21077614642183562
EID_23565,0.18662961612182016
EID_24526,0.17986464879152209
EID_9254,0.1734127347717731
EID_8916,0.17720355401411325
EID_15227,0.18404962523163704
EID_11672,0.20363673121516968
EID_8926,0.1616577727436379
EID_25125,0.21520542708174162
EID_3170,0.18032749990413777
EID_24612,0.1822110478947252
EID_23932,0.20989948865883434
EID_11554,0.17057770723903332
EID_19854,0.1734086544413458
EID_16362,0.22747389257961004
EID_13195,0.19728626177357
EID_25559,0.23322512127970185
EID_18526,0.1735197654340368
EID_23226,0.17361770504669494
EID_5873,0.2052850938737265
EID_11286,0.20328577986788332
EID_7573,0.19272849793787827
EID_11669,0.2082484857653526
EID_12639,0.21392852037757848
EID_12309,0.17157714224231313
EID_17566,0.1828539995955225
EID_3644,0.22030196763023469
EID_9921,0.18529113433464772
EID_14703,0.19733693272104347
EID_19366,0.208094768744445
EID_12449,0.19858366771359215
EID_24591,0.1666630777191358
EID_4698,0.16422599060308585
EID_17657,0.17770247450425813
EID_24446,0.21353213257549442
EID_18528,0.2095834695863914
EID_8868,0.18192043431918137
EID_5820,0.18397254360559145
EID_24215,0.1832729297551623
EID_19176,0.18835301153904993
EID_6578,0.1751639597493977
EID_9672,0.18381216317595772
EID_10702,0.1723293782880546
EID_4741,0.18133344632934723
EID_24067,0.17578569472857453
EID_2416,0.1800468213744466
EID_12089,0.1972215145088967
EID_8392,0.19160132741723146
EID_16766,0.19846033238246719
EID_23137,0.1871147589984048
EID_24704,0.17042606192592302
EID_13184,0.20136227765061676
EID_21642,0.15980642763889819
EID_8050,0.17439526300051966
EID_20432,0.17938380576958934
EID_14456,0.17130560094722114
EID_7769,0.15326292736835967
EID_14077,0.17723401472073874
EID_17805,0.17876040439841745
EID_14927,0.17695461239901533
EID_7995,0.21539452443374785
EID_2297,0.19018776387565595
EID_7960,0.18397261779523433
EID_9481,0.189979737618728
EID_2781,0.1844319361076714
EID_25571,0.1866618294607747
EID_12462,0.22615279390333853
EID_17761,0.18298024755290498
EID_22310,0.20331775473027847
EID_15161,0.2061759157617189
EID_3361,0.19354704624714714
EID_2166,0.21018250486656598
EID_1515,0.21884978280536416
EID_13787,0.1936520293021431
EID_23496,0.191522830343672
EID_7820,0.17477678756711157
EID_14433,0.22057004223529475
EID_9405,0.1983650472178624
EID_4195,0.19749005951041454
EID_24190,0.17052727447634197
EID_20400,0.1757309155235589
EID_16111,0.1986265420143809
EID_5502,0.2014392075529372
EID_17381,0.16788259230287395
EID_22435,0.20090889563141445
EID_3060,0.20074275259639762
EID_19197,0.16696851606883456
EID_13311,0.16592326875291974
EID_14282,0.18108083866195557
EID_5849,0.17289823399949
EID_19845,0.17733021262756665
EID_6965,0.19656340918220394
EID_5048,0.2017299430368098
EID_13766,0.17825138251953376
EID_22269,0.17483456023342114
EID_4363,0.1897912760887266
EID_12215,0.20406096856225986
EID_14479,0.18116945584449695
EID_7348,0.1876818397775537
EID_25664,0.18216860560755777
EID_4940,0.1855382601707447
EID_6877,0.15892377098333554
EID_8337,0.20593163050625662
EID_1775,0.18588093842288345
EID_13938,0.17573619916026928
EID_12735,0.1797697233433837
EID_16138,0.195991163765882
EID_18586,0.18868401939795376
EID_16650,0.1758978089076777
EID_18259,0.19748419652728444
EID_19144,0.1836496567402719
EID_4483,0.17711381921174052
EID_10929,0.20314282018648555
EID_19882,0.18491866430679238
EID_3779,0.20754225837987406
EID_18678,0.18667757184203992
EID_7168,0.18397895836062617
EID_23279,0.21177998710993506
EID_17008,0.1660049191654025
EID_2795,0.20705874391967427
EID_1833,0.16693318506190735
EID_21026,0.17144474189342418
EID_20322,0.1859830629484236
EID_10026,0.16738669812900753
EID_7742,0.20826748990680244
EID_21792,0.20118896931808194
EID_14341,0.21854470067984266
EID_24634,0.17597394993640592
EID_3379,0.16606849213803798
EID_20627,0.18068429872084835
EID_8572,0.19146490485923096
EID_15104,0.19527766509958155
EID_12426,0.1561364783664203
EID_17588,0.17628621775111242
EID_20961,0.18224922859980097
EID_23260,0.16939872575960635
EID_7213,0.20436797542117802
EID_11851,0.1905234298420737
EID_5696,0.19721215142317305
EID_23011,0.19649021781748388
EID_2035,0.17004474384361856
EID_22461,0.16134639663289363
EID_23215,0.17127571275551645
EID_6913,0.18325901472019268
EID_5739,0.17293879274427582
EID_19814,0.20030397949085454
EID_20320,0.18115995869698054
EID_2043,0.1845428675594576
EID_21992,0.17243329253227557
EID_9324,0.1652336560571257
EID_3863,0.16968008367018683
EID_7513,0.20264016297176113
EID_11120,0.16631052676331137
EID_6548,0.21713919455186215
EID_23957,0.1756483616327955
EID_11408,0.18577441217354362
EID_24638,0.1667571779479431
EID_3908,0.18202083609412512
EID_17023,0.15611128238555239
EID_10902,0.15319485114514464
EID_3543,0.18583291511976086
EID_3633,0.17836382509801751
EID_3394,0.16250863236837176
EID_8619,0.2028326555747526
EID_13424,0.19319969440294926
EID_15405,0.17570471378149932
EID_21727,0.1861521053792785
EID_18916,0.22109591271481577
EID_3335,0.21592015599429715
EID_2811,0.1392176368375999
EID_8620,0.2017348740437228
EID_3249,0.1521442960818149
EID_22140,0.1540735384436971
EID_18934,0.18082205293251263
EID_24271,0.17899656226381921
EID_2164,0.16480388773129562
EID_22961,0.17868002498516944
EID_25318,0.18034941834059737
EID_23064,0.1872238297071931
EID_1056,0.160408254398817
EID_4389,0.1721103591244173
EID_6949,0.17687792308248618
EID_16133,0.18513492212753135
EID_8023,0.2066965638388183
EID_19426,0.1738445904725836
EID_12895,0.17842438016884898
EID_17667,0.21585803364939693
EID_14826,0.20259908154412187
EID_8807,0.16138010677582315
EID_13977,0.17591964879215993
EID_11167,0.18481662914877006
EID_22535,0.20726241346318375
EID_5357,0.20328445288066632
EID_1450,0.20570777593809453
EID_24647,0.1747281222651509
EID_1516,0.23125409918088735
EID_10122,0.1795355591885368
EID_2423,0.20560476522194904
EID_4276,0.17684983459798786
EID_10610,0.19550959145828983
EID_5840,0.164282664044606
EID_19117,0.20225464756117617
EID_1753,0.19643184561118687
EID_11679,0.19677430375486438
EID_12425,0.18187227592920863
EID_21118,0.15290914324691585
EID_1348,0.1937538094653064
EID_3143,0.18132487557949162
EID_12153,0.1989005290726027
EID_22834,0.18896612592459405
EID_14978,0.19081692530454575
EID_23361,0.20333274870358764
EID_5207,0.19656319318687565
EID_8395,0.19383676112306603
EID_2440,0.20245512134448518
EID_14196,0.23093144430049506
EID_16684,0.2000097207413205
EID_22520,0.19079404017622892
EID_14689,0.16855116268806114
EID_22890,0.1909333058051743
EID_18695,0.1679245977707069
EID_1275,0.17025375648267982
EID_6033,0.19754649344457675
EID_25616,0.161881762136602
EID_6190,0.2116473511453023
EID_2964,0.19597089383478306
EID_24869,0.19133075338038452
EID_3319,0.20048202962283312
EID_15857,0.22609989956589516
EID_4615,0.1882309656449479
EID_23926,0.18358085985869366
EID_15506,0.21475791957391266
EID_4168,0.17235098036246654
EID_23593,0.19508005605780454
EID_3108,0.17886696870618835
EID_22846,0.23191763345596428
EID_12618,0.18422047773719896
EID_20341,0.1944526243342466
EID_15441,0.2141679038948041
EID_20278,0.16830435281804057
EID_19511,0.1868401714723973
EID_7832,0.14597176115910315
EID_7775,0.164395429835281
EID_9409,0.15962304038191633
EID_11483,0.1958457791694741
EID_6657,0.2239214024876901
EID_10338,0.18354924995310284
EID_7683,0.18776562245659534
EID_11854,0.21335203047379991
EID_17102,0.18712758667788876
EID_9882,0.19510239341860824
EID_19326,0.20488416890742656
EID_1670,0.18322651186622352
EID_17455,0.21440075920872914
EID_24867,0.19463368448180063
EID_22972,0.19806732516394732
EID_4679,0.1875201445140533
EID_7172,0.23397677649654725
EID_7401,0.2221507293448326
EID_13199,0.2029232181300813
EID_12244,0.2185443922489867
EID_12771,0.17454027768019387
EID_7230,0.1820918511648415
EID_19736,0.24169551214066587
EID_2755,0.1647014812509724
EID_19126,0.21397865279629968
EID_20949,0.1940614875270512
EID_4573,0.18188858346934467
EID_23671,0.16761679050546263
EID_11580,0.1970572074802135
EID_15600,0.1640301433959621
EID_17577,0.18867547860867262
EID_6773,0.17462401119996684
EID_9565,0.17188883903986607
EID_13401,0.1820111483961
EID_17438,0.1894515986112424
EID_7604,0.20506826704178138
EID_1215,0.20456132143749528
EID_24765,0.1929418485141241
EID_2084,0.1866102186614853
EID_17898,0.1982830374245168
EID_9752,0.17058818393661568
EID_19867,0.18388108824711935
EID_5430,0.20273714015172573
EID_22617,0.1591613975307382
EID_23590,0.1889834896372804
EID_11131,0.17135493976081762
EID_1623,0.16565873803483555
EID_25390,0.20220016639484584
EID_23316,0.1980069240554485
EID_11595,0.2126025436693908
EID_10827,0.22818768653257848
EID_14787,0.1945001516320417
EID_18290,0.16486653841832322
EID_17889,0.18046901050695396
EID_7936,0.17503691794752285
EID_12044,0.190337586083956
EID_8205,0.16406310003458202
EID_22950,0.17887357309950858
EID_4965,0.21033163584093018
EID_24073,0.20223341359059077
EID_4946,0.21896964009374642
EID_14618,0.17958925447015872
EID_17692,0.19365616771631267
EID_23220,0.19999024341279892
EID_24364,0.1812006084320501
EID_20216,0.15174673554713536
EID_24865,0.16801739714662745
EID_11009,0.19286926012705408
EID_6889,0.19154090134412627
EID_10375,0.18916905363357728
EID_11917,0.23672179318930375
EID_25323,0.16206185102549853
EID_21841,0.19487979338543937
EID_25278,0.17488419933755495
EID_17857,0.17703403888469893
EID_2991,0.19275184069317675
EID_23822,0.17694865009502792
EID_12098,0.17316095987797553
EID_14665,0.1975048649523501
EID_25373,0.1835106251290881
EID_22143,0.21879957385090165
EID_4000,0.16026263241144534
EID_2951,0.16767119075427672
EID_8610,0.2045764545049451
EID_6998,0.19371587943385293
EID_21972,0.19924321611108553
EID_3582,0.16152221433685554
EID_18220,0.18822375716734996
EID_12381,0.17323904717454752
EID_15689,0.19516365135348224
EID_12239,0.2198764530766084
EID_3987,0.17321143339120226
EID_20164,0.20069917469118081
EID_1654,0.22105654617746495
EID_25583,0.21397527524891302
EID_22736,0.19137250406970452
EID_22169,0.21355834225522585
EID_9495,0.18195914606269525
EID_2465,0.19125102976181552
EID_1659,0.21161213664669276
EID_4509,0.16236051969934806
EID_15264,0.19342202984773849
EID_9494,0.19341637082720808
EID_23657,0.19985546364398488
EID_10376,0.1776401806943113
EID_25277,0.18290989962088133
EID_15121,0.20580535419173884
EID_14760,0.20285797359599655
EID_9160,0.21725074584725235
EID_18574,0.17989575414873116
EID_2977,0.19771344152115944
EID_4745,0.20774973606029334
EID_6762,0.18768965485071476
EID_2682,0.18552167356511973
EID_19172,0.255605646150741
EID_1013,0.17800764934122526
EID_1242,0.17506796771493782
EID_10336,0.17347746041502887
EID_11247,0.20804563844052382
EID_4631,0.16021557319459134
EID_21660,0.18783678149134175
EID_6752,0.19422840624952187
EID_14409,0.1908022727712364
EID_21720,0.1875800325927912
EID_14495,0.2131734117421047
EID_15348,0.17881444583241546
EID_9610,0.19368712220460793
EID_10629,0.16782703665023746
EID_10182,0.18941429960557343
EID_10598,0.17279135001740542
EID_11065,0.19106755221503136
EID_16129,0.19502780948391774
EID_15572,0.19687959603453464
EID_21059,0.1936046087938621
EID_7812,0.19548159532780573
EID_15162,0.1947409892496239
EID_6911,0.1928239143483097
EID_17591,0.16824442215784075
EID_22638,0.19670414452804152
EID_3217,0.18998457085899645
EID_10116,0.1936231608461867
EID_23199,0.18195642979912918
EID_18844,0.20080737566422613
EID_19931,0.20585419178104303
EID_22215,0.20795235166167458
EID_14623,0.19507843565872918
EID_7884,0.1751572048616481
EID_3197,0.15234766623723317
EID_11291,0.18741283720476076
EID_3320,0.19091389474783682
EID_12585,0.18694381228931434
EID_13592,0.22199862909599233
EID_11264,0.1882296092830984
EID_6997,0.19565577386651967
EID_2327,0.19625780865874276
EID_9340,0.16817154569616832
EID_14544,0.19614040004910294
EID_13055,0.20293868181045127
EID_14014,0.19734224650079568
EID_7429,0.20186937813195982
EID_19008,0.19186687432079452
EID_14283,0.21266340126339855
EID_10882,0.20890042929727315
EID_5194,0.2161299340094729
EID_23844,0.20800573698085145
EID_22628,0.18417559625004287
EID_10033,0.20467536871586844
EID_13281,0.18311643999771832
EID_23871,0.1788926760234517
EID_3621,0.18189844153783952
EID_12968,0.20325882390227434
EID_5819,0.1675279402262504
EID_6694,0.16949009190739162
EID_17656,0.20933281163473794
EID_8888,0.19614591541989057
EID_14552,0.17638052280483407
EID_15342,0.20880431020907508
EID_7728,0.18566006108233069
EID_10331,0.20548515492168917
EID_5479,0.18010172518950185
EID_25526,0.1832722745188562
EID_12348,0.20362141314490145
EID_6196,0.175802303372393
EID_3619,0.18146593898956098
EID_11280,0.1970233459045403
EID_18119,0.17001654677915212
EID_18058,0.22909470582010272
EID_20911,0.1855771982240526
EID_19840,0.2133561120996319
EID_11808,0.2082540595894784
EID_16265,0.1664504082986582
EID_25976,0.17486128387440658
EID_3872,0.2056248567126886
EID_23029,0.14575810693560243
EID_11745,0.16275633475231643
EID_9556,0.17183973464261726
EID_19748,0.207670762429359
EID_23253,0.17167877743827376
EID_16237,0.1823860262816197
EID_11694,0.17218846756657058
EID_12824,0.1532574472827264
EID_12797,0.1840279677527974
EID_3524,0.1752011255524053
EID_10559,0.21378415007671947
EID_22844,0.18539430166720194
EID_22281,0.16822721140226804
EID_9535,0.19693715191920091
EID_1642,0.18029004212564814
EID_17630,0.19480991816874393
EID_15083,0.19684103024940214
EID_2690,0.1813596865563909
EID_12199,0.16912737994175586
EID_3449,0.2075051788010569
EID_12097,0.22387624369650894
EID_23272,0.18239944111701334
EID_6890,0.1868813626068686
EID_2438,0.22106912532910883
EID_6508,0.18783151094891082
EID_10772,0.16643638500380575
EID_6076,0.167184593559341
EID_3045,0.224466160248312
EID_24779,0.16632324095786544
EID_12553,0.23145373201128905
EID_24984,0.1617948026312206
EID_17157,0.20725222313348013
EID_11823,0.18320464553687543
EID_4765,0.17667812002343908
EID_16143,0.18283291789458644
EID_19658,0.22901673960870994
EID_12035,0.14330364323461708
EID_3481,0.2051230623813467
EID_12776,0.21393608186241408
EID_21160,0.16734589244475728
EID_11127,0.16619628136629672
EID_11784,0.17915638183529836
EID_17458,0.16540427571226246
EID_15653,0.1829864386034501
EID_25399,0.16756357578327652
EID_8799,0.22382714377425827
EID_14529,0.16686035184625325
EID_19407,0.1874920648550642
EID_8224,0.23003695806477253
EID_21582,0.19846618833628327
EID_14807,0.21017767801015452
EID_17338,0.21836892819271725
EID_10635,0.17465895596285463
EID_16300,0.22400728406478265
EID_5155,0.15973252633733637
EID_11136,0.1689513588910927
EID_7716,0.21119212533403697
EID_13041,0.19882870056358115
EID_1572,0.1849691626857748
EID_2382,0.16250776942638367
EID_4568,0.22277552980779092
EID_25153,0.21395233455939433
EID_20523,0.20478996865136878
EID_2332,0.22888116843773787
EID_6143,0.1636246108831756
EID_19549,0.212959858616955
EID_24568,0.1822140571337627
EID_23211,0.20664587452972683
EID_2342,0.17111763032528415
EID_2922,0.20556329647274652
EID_6026,0.22360967600127424
EID_10107,0.18566592872912224
EID_14855,0.17504904012747602
EID_18780,0.16450656754562942
EID_10578,0.18735990944963987
EID_3842,0.19370366300211117
EID_10225,0.19008081048741587
EID_15275,0.20583981893332748
EID_10740,0.17266938765737905
EID_9483,0.19994124585940654
EID_11262,0.20600635614448493
EID_24388,0.2036730805397724
EID_19271,0.21134844585441215
EID_15363,0.18603219036612018
EID_16555,0.23344812051487907
EID_7387,0.20623955783378278
EID_2692,0.16001902792595502
EID_19754,0.15203495203786588
EID_10859,0.16632253572595346
EID_16618,0.20074276549729575
EID_1697,0.16098995475408628
EID_3764,0.15420029427542659
EID_4502,0.17698934319383852
EID_19240,0.1640673491394864
EID_22590,0.2007883291932444
EID_14056,0.21132856363396968
EID_20697,0.17968073154293052
EID_2505,0.17645384861248203
EID_23288,0.1898882228125558
EID_23373,0.1839312991853035
EID_18878,0.17548422265173258
EID_11857,0.171224535961926
EID_25945,0.1752990866092432
EID_18242,0.23367841780481058
EID_22823,0.1605855794763329
EID_5625,0.21525761444110003
EID_6702,0.21602305016938317
EID_24252,0.19035639443603714
EID_12704,0.2005340738741097
EID_1770,0.1955961348597839
EID_10159,0.19447482635712277
EID_3702,0.2031998767163259
EID_2688,0.2150401721620483
EID_19784,0.19053963061003287
EID_3636,0.189578605761767
EID_14537,0.1680594915688971
EID_4878,0.18524975231849794
EID_10260,0.21878714396126497
EID_5154,0.17861428823550796
EID_21206,0.19012092843559003
EID_15511,0.2006712894117868
EID_8010,0.21311828947864342
EID_6249,0.20332546826352882
EID_7392,0.1583943559076033
EID_18362,0.1807028218847222
EID_14147,0.20201609155401457
EID_24826,0.20230358111916757
EID_10862,0.18209181605578806
EID_3088,0.17033634615603432
EID_2871,0.20947143235417798
EID_22681,0.1409449264505156
EID_3720,0.1998071536409043
EID_21540,0.2042774915018981
EID_3516,0.1722332513272704
EID_10969,0.20590467609150664
EID_11396,0.2163092860909046
EID_11407,0.1962766036854191
EID_19264,0.19338046032396505
EID_12406,0.18947341348069813
EID_19440,0.17106678894197103
EID_22729,0.19047360528298896
EID_21143,0.18854292325841016
EID_19936,0.19487662168216957
EID_13997,0.1634233992292593
EID_15533,0.1771090867009093
EID_22065,0.20542846872547216
EID_6600,0.20761183423485363
EID_15316,0.20858499397195374
EID_10721,0.180805964259946
EID_20630,0.17988614931806524
EID_17720,0.2066006698801175
EID_7692,0.21041140916167933
EID_25004,0.15851262014814438
EID_1804,0.18565397243582993
EID_25207,0.20750677167643516
EID_7638,0.1608203967805366
EID_8179,0.20557389006921767
EID_23406,0.21747751070620325
EID_19285,0.16879544344726582
EID_15333,0.1845851753239458
EID_9685,0.15918152437399158
EID_15725,0.2072376846900852
EID_8302,0.21752051675957773
EID_10726,0.21436108386330943
EID_6168,0.165676054729488
EID_16711,0.18180629307568097
EID_24881,0.17957446019778445
EID_15281,0.16646410299063064
EID_17428,0.18787571464184794
EID_2814,0.17378862493126235
EID_8717,0.1804045116236921
EID_4395,0.2087530955462853
EID_22871,0.19148585559366893
EID_22152,0.18186707383125622
EID_23649,0.1539657314743863
EID_24748,0.1808579932597354
EID_25426,0.17240817124343266
EID_13986,0.1863063647974741
EID_19704,0.1800930731433823
EID_15554,0.15528453277784138
EID_23100,0.1962094169756483
EID_25408,0.17773136580854043
EID_15870,0.16507331106367928
EID_4048,0.21855922231748082
EID_12712,0.1914969289596229
EID_1937,0.17099158736175468
EID_14246,0.21108453040210406
EID_2569,0.18785202748085794
EID_6228,0.19761959175718857
EID_21309,0.21046213221200105
EID_16971,0.18877883714480959
EID_25273,0.16481079951540778
EID_8968,0.16750712007410584
EID_21475,0.19771631346873164
EID_1982,0.18564582634940052
EID_23627,0.17999813258234099
EID_14209,0.18277859090051152
EID_22365,0.1958889096235339
EID_21031,0.17333646556704707
EID_16883,0.22322432131147707
EID_15734,0.17247938999423695
EID_20840,0.15835316060872628
EID_20792,0.18942429134528993
EID_2652,0.19459468325260332
EID_3079,0.1632272734670437
EID_1425,0.2003428424422964
EID_17271,0.14898773212928518
EID_22724,0.19673384814603878
EID_23964,0.21821461766398897
EID_9333,0.15231699183169667
EID_12374,0.19578827599508486
EID_25107,0.1795078432010655
EID_22869,0.20594162043335018
EID_18753,0.1903489666204905
EID_16805,0.1823723884174342
EID_19994,0.18962238619883465
EID_3004,0.1612520338669583
EID_12616,0.19409613221762356
EID_6090,0.19950554783554253
EID_3303,0.18901932042490444
EID_9435,0.20477800865711515
EID_1838,0.18333720469672699
EID_15681,0.18872922745981668
EID_17496,0.19750827089353606
EID_8456,0.1695606765897537
EID_23174,0.1627653649389913
EID_8285,0.16114729369354563
EID_6547,0.15954159378634358
EID_23648,0.16996456942501936
EID_7958,0.21373697002377412
EID_19299,0.18916790070477418
EID_8699,0.17887857242135397
EID_14528,0.20429055730033951
EID_23167,0.20238558869289136
EID_25289,0.19993811774662618
EID_12802,0.1775539406849589
EID_15986,0.21514093699585146
EID_3609,0.17647542418154671
EID_2045,0.15030195432342452
EID_1788,0.23877866104146506
EID_22630,0.20361630827318322
EID_10542,0.20832419227571108
EID_13101,0.14706126492319527
EID_5159,0.18977192583145097
EID_18490,0.17293354277899198
EID_25693,0.1671493728911173
EID_20514,0.15447045703757567
EID_3713,0.19408729760067445
EID_11193,0.20035046991102945
EID_6052,0.1844882788606128
EID_6986,0.1962382855319902
EID_9104,0.17358229108833712
EID_23058,0.21125872719335348
EID_3156,0.17685167902300236
EID_17660,0.18046574184484143
EID_17514,0.20007822292666333
EID_15370,0.16982513106711394
EID_12207,0.19684409774032474
EID_7351,0.18394860112522338
EID_24727,0.19879168429622496
EID_6356,0.19497872578062925
EID_15421,0.20193124723147093
EID_11772,0.201126849504476
EID_14071,0.2024017736611654
EID_16359,0.17687233448083362
EID_16919,0.20023151011196205
EID_21496,0.19438467836152995
EID_10564,0.17731033635368476
EID_3773,0.178856789702877
EID_9484,0.2154775743844084
EID_13601,0.18552699147670637
EID_13843,0.19132436038086098
EID_8774,0.1962668890777195
EID_7542,0.208065897771462
EID_3388,0.19720621006257488
EID_17949,0.17238895552623035
EID_1815,0.15833919601118396
EID_10479,0.14942413015023703
EID_10722,0.19683906667029305
EID_3427,0.2263356773352143
EID_18205,0.18494277970756912
EID_21650,0.19247191495213656
EID_23124,0.1809284095687076
EID_4294,0.1901481768297799
EID_13366,0.18132416356115755
EID_13957,0.18279154074235748
EID_3578,0.17521507329468022
EID_24105,0.1809272351416098
EID_13186,0.1979425949114102
EID_24214,0.17984671196757063
EID_17251,0.19077350592056064
EID_23225,0.17561096464658021
EID_2152,0.1681114764456879
EID_10625,0.21975137824642843
EID_2044,0.158209250564596
EID_7201,0.19575214459155177
EID_2405,0.2263176206758999
EID_22716,0.20086075188567065
EID_22728,0.21783458094705566
EID_21251,0.20217830141501736
EID_6915,0.20856407468409088
EID_14744,0.19419083448298124
EID_15814,0.16955106780898177
EID_6659,0.16506535169457948
EID_10991,0.21020570711453956
EID_6500,0.16183584643533777
EID_19121,0.1626635211963503
EID_6278,0.2164793996962544
EID_13236,0.19151954150481743
EID_5382,0.1582121013982487
EID_6871,0.19842212839671447
EID_5012,0.1553085245608372
EID_1268,0.2094481454996071
EID_6588,0.16252579839419923
EID_22163,0.18607176249531676
EID_11121,0.20176153123742324
EID_22615,0.1804961676550647
EID_7838,0.21529209614641331
EID_3344,0.14534191611016922
EID_25292,0.20148828882315684
EID_10730,0.19166237665336894
EID_10317,0.17173804817025484
EID_13443,0.22993600038330442
EID_10988,0.1833653850463861
EID_23091,0.2372489638093498
EID_1839,0.19297327030460565
EID_13892,0.1848565763195893
EID_1496,0.1947513156706009
EID_15045,0.20390625089140713
EID_3744,0.17006631902233948
EID_13010,0.24638600360054852
EID_9716,0.1982823409647949
EID_2993,0.20084062854755302
EID_23435,0.1880483865886049
EID_8587,0.20343520866737208
EID_22132,0.20564204315746792
EID_21413,0.19729733067009647
EID_11881,0.1828102931083322
EID_19850,0.1804834457671518
EID_18460,0.18829088625165014
EID_17983,0.2072531947922016
EID_14888,0.1936271309480162
EID_14002,0.1696521157296047
EID_13524,0.1485534865439604
EID_4049,0.16231690181962222
EID_6535,0.18425964345931334
EID_10557,0.16017386869572192
EID_1313,0.19053204313559036
EID_12424,0.18884345630794996
EID_8210,0.17251137643597758
EID_22378,0.17955228573902104
EID_19644,0.16077982008596337
EID_8790,0.2041278405832827
EID_5778,0.21303941373446378
EID_23887,0.19942292809082574
EID_16103,0.1928582364516842
EID_20604,0.18056161125980452
EID_17378,0.21639639655677456
EID_5566,0.18240585076739535
EID_24264,0.19167939860506067
EID_7814,0.1973931209172406
EID_1968,0.20928218323177816
EID_10282,0.19909874391100857
EID_13648,0.18332379164263557
EID_22376,0.15485175925050498
EID_3690,0.1702702085706278
EID_17871,0.16669656667238542
EID_19167,0.18396669559081147
EID_5366,0.19842689063386842
EID_16996,0.1896838932062792
EID_1953,0.17431396107144792
EID_8760,0.20132322190670493
EID_20448,0.20138052230390713
EID_15787,0.17937620351631267
EID_18982,0.18192173730187733
EID_4388,0.17211186436071557
EID_22325,0.19994175819766724
EID_10189,0.1639316792509362
EID_21162,0.18706151584831332
EID_1032,0.20458831668969424
EID_12045,0.19263095900396365
EID_18324,0.1970187987785721
EID_15085,0.16630199941994306
EID_21927,0.18617732705240542
EID_13325,0.19789393713807613
EID_17801,0.191613253212779
EID_7678,0.18326315203171362
EID_17469,0.18301560301762265
EID_14318,0.18801584458140042
EID_16439,0.23098354978657198
EID_2307,0.1487504009855911
EID_20011,0.1781971741702364
EID_19381,0.15839615550873987
EID_14043,0.17080046051069075
EID_14774,0.1870871117789079
EID_22982,0.20672045618016455
EID_19092,0.16136507633285646
EID_13137,0.17984771889189233
EID_5738,0.22885051768355424
EID_19661,0.19020343515921923
EID_22570,0.17667660758479542
EID_16393,0.2083543271386361
EID_4256,0.18062929678609407
EID_17873,0.18709193235167731
EID_13832,0.1698819100792548
EID_17617,0.18927068978939587
EID_3106,0.16358365296429156
EID_6567,0.19285027068724503
EID_4727,0.19319721289468816
EID_14518,0.2157424805603796
EID_1070,0.1885669329464008
EID_19385,0.19178709334272526
EID_20032,0.21429221601863446
EID_11714,0.19703650765120528
EID_23636,0.1615215891357593
EID_1985,0.18560514270961903
EID_5627,0.1737062384897854
EID_15171,0.1705010640830551
EID_8811,0.18900111652851592
EID_2163,0.1741989913383577
EID_8459,0.17256878484317895
EID_18138,0.20419631173001562
EID_17518,0.20488940672788658
EID_17432,0.1722904078914098
EID_25686,0.16432728719973966
EID_2470,0.2163574488320137
EID_16311,0.17884416596183428
EID_6903,0.1898095067689951
EID_11990,0.1913248449120033
EID_23460,0.1764274310107794
EID_25924,0.19964487599213498
EID_13985,0.19390745591465475
EID_5455,0.1818483315809658
EID_13427,0.17505001839754186
EID_24855,0.18745079374821216
EID_15532,0.21733637519287186
EID_8953,0.18529819143850546
EID_22683,0.16356031825046102
EID_22493,0.1726764368713134
EID_1451,0.1989813391634243
EID_20796,0.19069674240626
EID_17281,0.18398537489889577
EID_7767,0.21192031515835197
EID_20838,0.19666353996592534
EID_17235,0.1898945079038299
EID_21615,0.19065939344761773
EID_6972,0.17938987731008638
EID_13930,0.20234442178116296
EID_4188,0.17388293355560336
EID_11277,0.18623364982170187
EID_18053,0.16336110136001025
EID_11288,0.1928533874194045
EID_1148,0.18569055838293025
EID_19216,0.17291880082404987
EID_7660,0.17758309256208804
EID_22805,0.20803139432359785
EID_11931,0.20081044587675478
EID_16921,0.1821024560486535
EID_4993,0.1982901086585116
EID_18070,0.1862457361398242
EID_15648,0.16232627613402428
EID_11404,0.18543844358077877
EID_14248,0.18222976379570355
EID_15424,0.21644206176398484
EID_8039,0.17970272551951894
EID_7094,0.16907702170709626
EID_13161,0.20183117019234942
EID_9293,0.15984902199608086
EID_4351,0.20505666188989835
EID_17259,0.1641633840773693
EID_2681,0.18606344193432278
EID_22123,0.1953322676353082
EID_8528,0.19235757733633818
EID_11798,0.18400084178472298
EID_20265,0.1776856556761004
EID_21396,0.1861472660942809
EID_12220,0.2010084217434951
EID_25722,0.218011863787126
EID_21719,0.17143351436664034
EID_3506,0.1560772014277063
EID_2139,0.2298991213382351
EID_6562,0.18840637407356553
EID_4353,0.17920508064344176
EID_24392,0.17173259332452062
EID_11238,0.16771766318532855
EID_20617,0.17810155168274378
EID_21473,0.25220199249838515
EID_16837,0.20939138281966052
EID_1800,0.20010179545005258
EID_25849,0.19518666111247285
EID_9395,0.20364465233461715
EID_2415,0.19891518444870826
EID_9286,0.13341434043013578
EID_5081,0.2191444648912011
EID_22546,0.1690516375940092
EID_11932,0.19781180775339635
EID_16292,0.18536217887577777
EID_17882,0.18619932338407352
EID_20889,0.22484176761440722
EID_10031,0.18309310529639333
EID_21576,0.16623647291771704
EID_8256,0.18944036099100003
EID_2614,0.1699525152639012
EID_2098,0.1895820248914788
EID_10242,0.1931316377975918
EID_21993,0.1865286577765346
EID_22664,0.19802460627886376
EID_1919,0.18048603098486637
EID_11629,0.18215579795912618
EID_6840,0.2147130815037599
EID_25493,0.17552274192649975
EID_14968,0.20140795810806367
EID_25313,0.18702756524493225
EID_8035,0.1920702195910735
EID_8969,0.19274283270885917
EID_15223,0.20155312132652625
EID_6266,0.16405452984929525
EID_8184,0.18361231176930914
EID_19480,0.19091550094412923
EID_19076,0.20084446030273284
EID_16339,0.19317802948245344
EID_7963,0.2046473177877033
EID_17427,0.17053489720325388
EID_12641,0.16516104066056414
EID_4122,0.209471793502928
EID_23659,0.18073634365578073
EID_13486,0.17772100772970134
EID_18423,0.1914193760710532
EID_2181,0.1632255639520963
EID_25490,0.15599596081358413
EID_9211,0.16972739954343297
EID_5237,0.19116377363093306
EID_2418,0.19933443502145565
EID_17716,0.20210420338622725
EID_13837,0.2061629771444018
EID_2840,0.16932810592049918
EID_13004,0.20183439625799338
EID_14429,0.20354380923549797
EID_18915,0.20845221388810842
EID_22415,0.16500555200968847
EID_4304,0.1737522977012418
EID_10753,0.20027255289664936
EID_22612,0.17268291667602398
EID_1857,0.2058633315597831
EID_3566,0.1754862680654128
EID_8545,0.1937129466961096
EID_21685,0.18232625041315487
EID_9946,0.17407022718998633
EID_20447,0.1691883594807564
EID_3887,0.1724223060401755
EID_8351,0.18842266614171876
EID_23889,0.25855665824985863
EID_8248,0.18498096979078582
EID_16621,0.21770594177047542
EID_25138,0.18877464224749474
EID_10004,0.19913287385367084
EID_5522,0.2101945273250294
EID_23416,0.20555653896906279
EID_14897,0.16539889476496228
EID_10840,0.16108209213439295
EID_21716,0.19540252908188904
EID_18484,0.1833300032955094
EID_7402,0.1715641957932803
EID_24854,0.18144888245319635
EID_1610,0.19801436449319
EID_17592,0.16121093160307964
EID_22128,0.16950942640329458
EID_17304,0.2296877664166459
EID_1508,0.1829869772228676
EID_20492,0.17991661736351716
EID_2324,0.1983435099042481
EID_17093,0.17959417761454688
EID_23356,0.19605730330295046
EID_17895,0.1947277804310943
EID_8186,0.17377151628954834
EID_19358,0.1981285646224933
EID_6030,0.22911345556394735
EID_17457,0.1808328091523208
EID_14976,0.18869915970492457
EID_8914,0.1679201316609351
EID_5721,0.1507605704546222
EID_11266,0.19560540367336898
EID_17012,0.16599467429489323
EID_7554,0.1584007804165708
EID_3087,0.19929706423027937
EID_19716,0.16840666424263873
EID_21723,0.23755097182311147
EID_13072,0.19582026447989165
EID_9776,0.18538403586592267
EID_25927,0.23661028330440104
EID_5593,0.18907965682103622
EID_13954,0.17958596949051753
EID_16034,0.15672020299666656
EID_1719,0.19379624537037898
EID_23054,0.17024525902075993
EID_15591,0.1712863172220409
EID_5178,0.169124393930133
EID_24346,0.20041935764123764
EID_21264,0.20028356508043998
EID_3292,0.18553197962785362
EID_14975,0.16970058149320266
EID_9165,0.15986261169854288
EID_23369,0.17596882408793135
EID_18767,0.1862774251871997
EID_10153,0.16297775508934365
EID_2542,0.1782485928490587
EID_23826,0.19102121256742066
EID_20391,0.21758650867593587
EID_8633,0.1794493405875528
EID_5875,0.19276301281888664
EID_12699,0.1911445412466719
EID_12982,0.21269327653328673
EID_16392,0.15827163145957002
EID_8185,0.1861580046436302
EID_15462,0.20002592014583342
EID_4853,0.2228710321987819
EID_17622,0.17196600847540822
EID_23074,0.21464935449176892
EID_6390,0.18743638102102977
EID_24539,0.20308899942938297
EID_12963,0.18485505029212845
EID_8649,0.19556654012990293
EID_11810,0.1993732048736092
EID_3598,0.18403073919284907
EID_13511,0.2060267052903555
EID_16014,0.17290526563232334
EID_24791,0.22217418735363026
EID_3417,0.1577708778655733
EID_24668,0.17162588410928947
EID_4508,0.17318348851131304
EID_25150,0.2012519012521352
EID_25934,0.1656077225837862
EID_6308,0.15707936900940922
EID_10508,0.17136279164816415
EID_18724,0.16828018288293833
EID_10536,0.18697056956170854
EID_18738,0.16258430218420017
EID_15949,0.15776662357234272
EID_20722,0.16594313214812928
EID_14963,0.17803591806500663
EID_6682,0.16280711562814076
EID_8365,0.16509549453212458
EID_17999,0.1990213020242777
EID_24499,0.19525417206170914
EID_20389,0.19362446953482504
EID_12123,0.23361647133924635
EID_19203,0.16951816104881345
EID_3538,0.2134738894558268
EID_19811,0.19260542799094083
EID_11473,0.17284834084068734
EID_3032,0.17890456534985333
EID_8419,0.1774839849585419
EID_9052,0.18352495807840796
EID_15837,0.1959051268624421
EID_6644,0.17320362247266985
EID_16894,0.19201789836859007
EID_10552,0.1875583562130032
EID_14750,0.1756407327720808
EID_16659,0.15910110905105057
EID_4472,0.17068779329184736
EID_4076,0.1785110963655825
EID_5163,0.17976604064699586
EID_25923,0.21825138014690992
EID_24806,0.18933135450174632
EID_3742,0.18523030339144952
EID_19722,0.1724111330460687
EID_18033,0.21693215314149938
EID_16718,0.21697575533653435
EID_13182,0.20046949527051083
EID_23021,0.2067484179992789
EID_20329,0.18728817648457152
EID_8770,0.1702680296264134
EID_11234,0.18632407215295643
EID_18881,0.19806967937603304
EID_1365,0.2008644168842011
EID_19318,0.19740423692417153
EID_19343,0.15147039409851004
EID_4435,0.17818934919012008
EID_22102,0.18600789976130727
EID_24095,0.17113898810924866
EID_9897,0.2654227212560727
EID_21635,0.17971166858234255
EID_16514,0.1930787497375377
EID_1997,0.17861356503976822
EID_10324,0.21010272028399868
EID_6487,0.2301617141175143
EID_21197,0.18027839995534123
EID_19082,0.19615780498730828
EID_17562,0.18436820160991374
EID_8738,0.18270521847108512
EID_13687,0.18702124756305238
EID_19572,0.15915664234967153
EID_24909,0.19520213960879573
EID_21814,0.15449835017625446
EID_12083,0.1864087503830092
EID_25919,0.18215891286274655
EID_19140,0.14649450332768765
EID_23924,0.17714301367334429
EID_1208,0.20616683894866128
EID_18170,0.2040535128055012
EID_18699,0.17013488731066673
EID_1318,0.18305496981412261
EID_14941,0.18755429023633496
EID_6540,0.16844245427591886
EID_20936,0.21478667930318807
EID_9705,0.2094643072586564
EID_24181,0.21008320410896886
EID_22138,0.17431887361334475
EID_23044,0.1989362260649159
EID_9038,0.18950544744654962
EID_3247,0.20581509889370864
EID_19630,0.16676791029362903
EID_8655,0.1690672228074277
EID_10423,0.18681896983594015
EID_3946,0.19015881254892975
EID_16512,0.21116770120426054
EID_12473,0.21691350764456274
EID_11571,0.19424539278060138
EID_14381,0.17959656651152045
EID_12675,0.22395377319946874
EID_1930,0.15768714011653628
EID_20155,0.22265060183451624
EID_22902,0.1974697792390998
EID_24145,0.2048529153033769
EID_5342,0.1670785469731868
EID_8334,0.2235448243309861
EID_25708,0.18131525500672296
EID_19991,0.18811709690442058
EID_5499,0.21098905317967365
EID_5953,0.17619821306072936
EID_7444,0.1921972649994359
EID_6218,0.2100765185116984
EID_12891,0.15421038036970458
EID_16456,0.1743494935687977
EID_20256,0.1882715129756889
EID_9959,0.18684602552195884
EID_8845,0.1717085132087277
EID_1662,0.15384136737736753
EID_8739,0.20039444606493362
EID_20695,0.16250262057053533
EID_19446,0.189201328768263
EID_12441,0.20249105836694525
EID_13066,0.17915705517646074
EID_8911,0.18181891299946074
EID_22200,0.1785681881160599
EID_9689,0.1925335877424459
EID_1668,0.19041496170063965
EID_8120,0.1778843750914234
EID_22777,0.20523497362319176
EID_19141,0.19952233534780817
EID_22674,0.1918304002849709
EID_16121,0.1896935826173376
EID_14662,0.20536046668314611
EID_23290,0.19897879992277012
EID_20144,0.1640211402381624
EID_23052,0.17817419594177863
EID_25575,0.16794508993797308
EID_23724,0.1956580099263192
EID_14759,0.21383191515184308
EID_25209,0.20165112378833783
EID_17753,0.1631659522050768
EID_4693,0.18398827804321627
EID_17284,0.1841789604892483
EID_9131,0.20354490644746193
EID_24625,0.21157575393198158
EID_24912,0.17640638532532193
EID_19612,0.1804094225424251
EID_9147,0.21854095973469612
EID_6891,0.20774448129350276
EID_10639,0.19697443062358388
EID_5880,0.17358645396120664
EID_22547,0.20079287109859933
EID_10066,0.17886326051109336
EID_7126,0.1714076454500173
EID_4929,0.15173975579477883
EID_24750,0.1994729402391613
